,Id,sequence,domain_no,hmm_species,chain_type,e-value,score,seqstart_index,seqend_index,identity_species,v_gene,v_identity,j_gene,j_identity,Chain,Numbering,Insertion,Numbered_Sequence,scheme,region_definition,allowed_species,allowed_chains,fwr1_aa_gaps,fwr1_aa_no_gaps,cdr1_aa_gaps,cdr1_aa_no_gaps,fwr2_aa_gaps,fwr2_aa_no_gaps,cdr2_aa_gaps,cdr2_aa_no_gaps,fwr3_aa_gaps,fwr3_aa_no_gaps,cdr3_aa_gaps,cdr3_aa_no_gaps,fwr4_aa_gaps,fwr4_aa_no_gaps,leader,follow
0,10J4_KM001873_Homo_sapiens_clone_10J4_anti-HIV_immunoglobulin_heavy_chain_variable_region_gene _partial_cds,QGQLVQSGGELKKPGASVKISCKTSGYRFSFYHINWIRQLVGRGPEWMGWISPYNGGTNLAPELRGRLVLTTEREVVDTMTLSTGTAHMELRNLRSDDTGIYFCAKGLLRDGSSTWLPHLWGQGTLLTVSS,0,human,H,1.08e-36,115.7,0,130,human,IGHV1-18*01,0.66,IGHJ2*01,0.71,H,"[1, 2, 3, 4, 5, 6, 7, 8, 9, 10, 11, 12, 13, 14, 15, 16, 17, 18, 19, 20, 21, 22, 23, 24, 25, 26, 27, 28, 29, 30, 31, 32, 32, 32, 33, 33, 33, 33, 34, 35, 36, 37, 38, 39, 40, 41, 42, 43, 44, 45, 46, 47, 48, 49, 50, 51, 52, 53, 54, 55, 56, 57, 58, 59, 60, 60, 61, 61, 61, 62, 63, 64, 65, 66, 67, 68, 69, 70, 71, 72, 73, 74, 75, 76, 77, 78, 79, 80, 81, 82, 82, 82, 82, 82, 82, 82, 82, 82, 83, 84, 85, 85, 85, 85, 85, 85, 85, 85, 86, 87, 88, 89, 90, 91, 92, 93, 94, 95, 96, 97, 98, 99, 100, 101, 102, 103, 104, 105, 106, 107, 108, 109, 110, 111, 111, 111, 111, 111, 111, 111, 111, 111, 111, 111, 111, 111, 111, 112, 112, 112, 112, 112, 112, 112, 112, 112, 112, 112, 112, 112, 112, 113, 114, 115, 116, 117, 118, 119, 120, 121, 122, 123, 124, 125, 126, 127, 128]","['', '', '', '', '', '', '', '', '', '', '', '', '', '', '', '', '', '', '', '', '', '', '', '', '', '', '', '', '', '', '', '', 'A', 'B', 'C', 'B', 'A', '', '', '', '', '', '', '', '', '', '', '', '', '', '', '', '', '', '', '', '', '', '', '', '', '', '', '', '', 'A', 'B', 'A', '', '', '', '', '', '', '', '', '', '', '', '', '', '', '', '', '', '', '', '', '', '', 'A', 'B', 'C', 'D', 'E', 'F', 'G', 'H', '', '', '', 'A', 'B', 'C', 'D', 'E', 'F', 'G', '', '', '', '', '', '', '', '', '', '', '', '', '', '', '', '', '', '', '', '', '', '', '', '', '', '', 'A', 'B', 'C', 'D', 'E', 'F', 'G', 'H', 'I', 'J', 'K', 'L', 'M', 'M', 'L', 'K', 'J', 'I', 'H', 'G', 'F', 'E', 'D', 'C', 'B', 'A', '', '', '', '', '', '', '', '', '', '', '', '', '', '', '', '', '']","['Q', 'G', 'Q', 'L', 'V', 'Q', 'S', 'G', 'G', '-', 'E', 'L', 'K', 'K', 'P', 'G', 'A', 'S', 'V', 'K', 'I', 'S', 'C', 'K', 'T', 'S', 'G', 'Y', 'R', 'F', '-', '-', '-', '-', '-', '-', '-', '-', '-', 'S', 'F', 'Y', 'H', 'I', 'N', 'W', 'I', 'R', 'Q', 'L', 'V', 'G', 'R', 'G', 'P', 'E', 'W', 'M', 'G', 'W', 'I', 'S', 'P', 'Y', '-', '-', '-', '-', '-', 'N', 'G', 'G', 'T', 'N', 'L', 'A', 'P', 'E', 'L', 'R', '-', 'G', 'R', 'L', 'V', 'L', 'T', 'T', 'E', 'R', 'E', 'V', 'V', 'D', 'T', 'M', 'T', 'L', 'S', 'T', 'G', '-', '-', '-', '-', '-', '-', '-', 'T', 'A', 'H', 'M', 'E', 'L', 'R', 'N', 'L', 'R', 'S', 'D', 'D', 'T', 'G', 'I', 'Y', 'F', 'C', 'A', 'K', 'G', 'L', 'L', 'R', 'D', 'G', '-', '-', '-', '-', '-', '-', '-', '-', '-', '-', '-', '-', '-', '-', '-', '-', '-', '-', '-', '-', '-', '-', '-', 'S', 'S', 'T', 'W', 'L', 'P', 'H', 'L', 'W', 'G', 'Q', 'G', 'T', 'L', 'L', 'T', 'V', 'S', 'S']",imgt,imgt,"human,mouse,rat,rabbit,rhesus,pig,alpaca,dog,cat","H,K,L,A,B,G,D",QGQLVQSGG-ELKKPGASVKISCKTS,QGQLVQSGGELKKPGASVKISCKTS,GYRF---------SFYH,GYRFSFYH,INWIRQLVGRGPEWMGW,INWIRQLVGRGPEWMGW,ISPY-----NGGT,ISPYNGGT,NLAPELR-GRLVLTTEREVVDTMTLSTG-------TAHMELRNLRSDDTGIYFC,NLAPELRGRLVLTTEREVVDTMTLSTGTAHMELRNLRSDDTGIYFC,AKGLLRDG-----------------------SSTWLPHL,AKGLLRDGSSTWLPHL,WGQGTLLTVSS,WGQGTLLTVSS,,
1,VRC26.27_KT371104_Homo_sapiens_anti-HIV-1_immunoglobulin_CAP256-VRC26.27_heavy_chain_variable_region_mRNA _partial_cds,QKQLVESGGGVVQPGRSLTLSCAASQFPFSHYGMHWVRQAPGKGLEWVASITNDGTKKYHGESVWDRFRISRDNSKNTLFLQMNSLRAEDTALYFCVRDQREDECEEWWSDYYDFGKELPCRKFRGLGLAGIFDIWGHGTMVIVSS,0,alpaca,H,3e-45,144.0,0,145,human,IGHV3-30*03,0.8,IGHJ3*02,0.71,H,"[1, 2, 3, 4, 5, 6, 7, 8, 9, 10, 11, 12, 13, 14, 15, 16, 17, 18, 19, 20, 21, 22, 23, 24, 25, 26, 27, 28, 29, 30, 31, 32, 32, 32, 33, 33, 33, 33, 34, 35, 36, 37, 38, 39, 40, 41, 42, 43, 44, 45, 46, 47, 48, 49, 50, 51, 52, 53, 54, 55, 56, 57, 58, 59, 60, 60, 61, 61, 61, 62, 63, 64, 65, 66, 67, 68, 69, 70, 71, 72, 73, 74, 75, 76, 77, 78, 79, 80, 81, 82, 82, 82, 82, 82, 82, 82, 82, 82, 83, 84, 85, 85, 85, 85, 85, 85, 85, 85, 86, 87, 88, 89, 90, 91, 92, 93, 94, 95, 96, 97, 98, 99, 100, 101, 102, 103, 104, 105, 106, 107, 108, 109, 110, 111, 111, 111, 111, 111, 111, 111, 111, 111, 111, 111, 111, 111, 111, 112, 112, 112, 112, 112, 112, 112, 112, 112, 112, 112, 112, 112, 112, 113, 114, 115, 116, 117, 118, 119, 120, 121, 122, 123, 124, 125, 126, 127, 128]","['', '', '', '', '', '', '', '', '', '', '', '', '', '', '', '', '', '', '', '', '', '', '', '', '', '', '', '', '', '', '', '', 'A', 'B', 'C', 'B', 'A', '', '', '', '', '', '', '', '', '', '', '', '', '', '', '', '', '', '', '', '', '', '', '', '', '', '', '', '', 'A', 'B', 'A', '', '', '', '', '', '', '', '', '', '', '', '', '', '', '', '', '', '', '', '', '', '', 'A', 'B', 'C', 'D', 'E', 'F', 'G', 'H', '', '', '', 'A', 'B', 'C', 'D', 'E', 'F', 'G', '', '', '', '', '', '', '', '', '', '', '', '', '', '', '', '', '', '', '', '', '', '', '', '', '', '', 'A', 'B', 'C', 'D', 'E', 'F', 'G', 'H', 'I', 'J', 'K', 'L', 'M', 'M', 'L', 'K', 'J', 'I', 'H', 'G', 'F', 'E', 'D', 'C', 'B', 'A', '', '', '', '', '', '', '', '', '', '', '', '', '', '', '', '', '']","['Q', 'K', 'Q', 'L', 'V', 'E', 'S', 'G', 'G', '-', 'G', 'V', 'V', 'Q', 'P', 'G', 'R', 'S', 'L', 'T', 'L', 'S', 'C', 'A', 'A', 'S', 'Q', 'F', 'P', 'F', '-', '-', '-', '-', '-', '-', '-', '-', '-', 'S', 'H', 'Y', 'G', 'M', 'H', 'W', 'V', 'R', 'Q', 'A', 'P', 'G', 'K', 'G', 'L', 'E', 'W', 'V', 'A', 'S', 'I', 'T', 'N', 'D', '-', '-', '-', '-', '-', 'G', 'T', 'K', 'K', 'Y', 'H', 'G', 'E', 'S', 'V', 'W', '-', 'D', 'R', 'F', 'R', 'I', 'S', 'R', 'D', 'N', '-', '-', '-', '-', '-', '-', '-', '-', 'S', 'K', 'N', '-', '-', '-', '-', '-', '-', '-', 'T', 'L', 'F', 'L', 'Q', 'M', 'N', 'S', 'L', 'R', 'A', 'E', 'D', 'T', 'A', 'L', 'Y', 'F', 'C', 'V', 'R', 'D', 'Q', 'R', 'E', 'D', 'E', 'C', 'E', 'E', 'W', 'W', 'S', 'D', 'Y', 'Y', 'D', 'F', 'G', 'K', 'E', 'L', 'P', 'C', 'R', 'K', 'F', 'R', 'G', 'L', 'G', 'L', 'A', 'G', 'I', 'F', 'D', 'I', 'W', 'G', 'H', 'G', 'T', 'M', 'V', 'I', 'V', 'S', 'S']",imgt,imgt,"human,mouse,rat,rabbit,rhesus,pig,alpaca,dog,cat","H,K,L,A,B,G,D",QKQLVESGG-GVVQPGRSLTLSCAAS,QKQLVESGGGVVQPGRSLTLSCAAS,QFPF---------SHYG,QFPFSHYG,MHWVRQAPGKGLEWVAS,MHWVRQAPGKGLEWVAS,ITND-----GTKK,ITNDGTKK,YHGESVW-DRFRISRDN--------SKN-------TLFLQMNSLRAEDTALYFC,YHGESVWDRFRISRDNSKNTLFLQMNSLRAEDTALYFC,VRDQREDECEEWWSDYYDFGKELPCRKFRGLGLAGIFDI,VRDQREDECEEWWSDYYDFGKELPCRKFRGLGLAGIFDI,WGHGTMVIVSS,WGHGTMVIVSS,,
2,VRC26.30_KT371110_Homo_sapiens_anti-HIV-1_immunoglobulin_CAP256-VRC26.30_heavy_chain_variable_region_mRNA _partial_cds,EVQLVESGGGEVQPGTSLTLSCAASQFTFSNYGMHWVRQAPGKGLEWVASISNEGNKKYHGDSVWARFIISRDNSKNTVFLQMTSLRAEDTALYFCVRDRQEDECEEWWSDYYNFGRELPCRKFRGQGLAGIFDIWGHGTMVTVSS,0,alpaca,H,1e-45,145.1,0,145,human,IGHV3-30*03,0.78,IGHJ3*02,0.79,H,"[1, 2, 3, 4, 5, 6, 7, 8, 9, 10, 11, 12, 13, 14, 15, 16, 17, 18, 19, 20, 21, 22, 23, 24, 25, 26, 27, 28, 29, 30, 31, 32, 32, 32, 33, 33, 33, 33, 34, 35, 36, 37, 38, 39, 40, 41, 42, 43, 44, 45, 46, 47, 48, 49, 50, 51, 52, 53, 54, 55, 56, 57, 58, 59, 60, 60, 61, 61, 61, 62, 63, 64, 65, 66, 67, 68, 69, 70, 71, 72, 73, 74, 75, 76, 77, 78, 79, 80, 81, 82, 82, 82, 82, 82, 82, 82, 82, 82, 83, 84, 85, 85, 85, 85, 85, 85, 85, 85, 86, 87, 88, 89, 90, 91, 92, 93, 94, 95, 96, 97, 98, 99, 100, 101, 102, 103, 104, 105, 106, 107, 108, 109, 110, 111, 111, 111, 111, 111, 111, 111, 111, 111, 111, 111, 111, 111, 111, 112, 112, 112, 112, 112, 112, 112, 112, 112, 112, 112, 112, 112, 112, 113, 114, 115, 116, 117, 118, 119, 120, 121, 122, 123, 124, 125, 126, 127, 128]","['', '', '', '', '', '', '', '', '', '', '', '', '', '', '', '', '', '', '', '', '', '', '', '', '', '', '', '', '', '', '', '', 'A', 'B', 'C', 'B', 'A', '', '', '', '', '', '', '', '', '', '', '', '', '', '', '', '', '', '', '', '', '', '', '', '', '', '', '', '', 'A', 'B', 'A', '', '', '', '', '', '', '', '', '', '', '', '', '', '', '', '', '', '', '', '', '', '', 'A', 'B', 'C', 'D', 'E', 'F', 'G', 'H', '', '', '', 'A', 'B', 'C', 'D', 'E', 'F', 'G', '', '', '', '', '', '', '', '', '', '', '', '', '', '', '', '', '', '', '', '', '', '', '', '', '', '', 'A', 'B', 'C', 'D', 'E', 'F', 'G', 'H', 'I', 'J', 'K', 'L', 'M', 'M', 'L', 'K', 'J', 'I', 'H', 'G', 'F', 'E', 'D', 'C', 'B', 'A', '', '', '', '', '', '', '', '', '', '', '', '', '', '', '', '', '']","['E', 'V', 'Q', 'L', 'V', 'E', 'S', 'G', 'G', '-', 'G', 'E', 'V', 'Q', 'P', 'G', 'T', 'S', 'L', 'T', 'L', 'S', 'C', 'A', 'A', 'S', 'Q', 'F', 'T', 'F', '-', '-', '-', '-', '-', '-', '-', '-', '-', 'S', 'N', 'Y', 'G', 'M', 'H', 'W', 'V', 'R', 'Q', 'A', 'P', 'G', 'K', 'G', 'L', 'E', 'W', 'V', 'A', 'S', 'I', 'S', 'N', 'E', '-', '-', '-', '-', '-', 'G', 'N', 'K', 'K', 'Y', 'H', 'G', 'D', 'S', 'V', 'W', '-', 'A', 'R', 'F', 'I', 'I', 'S', 'R', 'D', 'N', '-', '-', '-', '-', '-', '-', '-', '-', 'S', 'K', 'N', '-', '-', '-', '-', '-', '-', '-', 'T', 'V', 'F', 'L', 'Q', 'M', 'T', 'S', 'L', 'R', 'A', 'E', 'D', 'T', 'A', 'L', 'Y', 'F', 'C', 'V', 'R', 'D', 'R', 'Q', 'E', 'D', 'E', 'C', 'E', 'E', 'W', 'W', 'S', 'D', 'Y', 'Y', 'N', 'F', 'G', 'R', 'E', 'L', 'P', 'C', 'R', 'K', 'F', 'R', 'G', 'Q', 'G', 'L', 'A', 'G', 'I', 'F', 'D', 'I', 'W', 'G', 'H', 'G', 'T', 'M', 'V', 'T', 'V', 'S', 'S']",imgt,imgt,"human,mouse,rat,rabbit,rhesus,pig,alpaca,dog,cat","H,K,L,A,B,G,D",EVQLVESGG-GEVQPGTSLTLSCAAS,EVQLVESGGGEVQPGTSLTLSCAAS,QFTF---------SNYG,QFTFSNYG,MHWVRQAPGKGLEWVAS,MHWVRQAPGKGLEWVAS,ISNE-----GNKK,ISNEGNKK,YHGDSVW-ARFIISRDN--------SKN-------TVFLQMTSLRAEDTALYFC,YHGDSVWARFIISRDNSKNTVFLQMTSLRAEDTALYFC,VRDRQEDECEEWWSDYYNFGRELPCRKFRGQGLAGIFDI,VRDRQEDECEEWWSDYYNFGRELPCRKFRGQGLAGIFDI,WGHGTMVTVSS,WGHGTMVTVSS,,
3,1B2530_HE584545_Homo_sapiens_partial_mRNA_for_immunoglobulin_heavy_chain_variable_region_(IGHV_gene) _isolate_1B2530,QVQLEQSGTAVRKPGASVTLSCQASGYNFVKYIIHWVRQKPGLGFEWVGMIDPYRGRPWSAHKFQGRLSLSRDTSMEILYMTLTSLKSDDTATYFCARAEAASDSHSRPIMFDHWGQGSLVTVSSASTKGPSVF,0,human,H,1e-45,144.5,0,124,human,IGHV1-2*07,0.61,IGHJ5*01,0.86,H,"[1, 2, 3, 4, 5, 6, 7, 8, 9, 10, 11, 12, 13, 14, 15, 16, 17, 18, 19, 20, 21, 22, 23, 24, 25, 26, 27, 28, 29, 30, 31, 32, 32, 32, 33, 33, 33, 33, 34, 35, 36, 37, 38, 39, 40, 41, 42, 43, 44, 45, 46, 47, 48, 49, 50, 51, 52, 53, 54, 55, 56, 57, 58, 59, 60, 60, 61, 61, 61, 62, 63, 64, 65, 66, 67, 68, 69, 70, 71, 72, 73, 74, 75, 76, 77, 78, 79, 80, 81, 82, 82, 82, 82, 82, 82, 82, 82, 82, 83, 84, 85, 85, 85, 85, 85, 85, 85, 85, 86, 87, 88, 89, 90, 91, 92, 93, 94, 95, 96, 97, 98, 99, 100, 101, 102, 103, 104, 105, 106, 107, 108, 109, 110, 111, 111, 111, 111, 111, 111, 111, 111, 111, 111, 111, 111, 111, 111, 112, 112, 112, 112, 112, 112, 112, 112, 112, 112, 112, 112, 112, 112, 113, 114, 115, 116, 117, 118, 119, 120, 121, 122, 123, 124, 125, 126, 127, 128]","['', '', '', '', '', '', '', '', '', '', '', '', '', '', '', '', '', '', '', '', '', '', '', '', '', '', '', '', '', '', '', '', 'A', 'B', 'C', 'B', 'A', '', '', '', '', '', '', '', '', '', '', '', '', '', '', '', '', '', '', '', '', '', '', '', '', '', '', '', '', 'A', 'B', 'A', '', '', '', '', '', '', '', '', '', '', '', '', '', '', '', '', '', '', '', '', '', '', 'A', 'B', 'C', 'D', 'E', 'F', 'G', 'H', '', '', '', 'A', 'B', 'C', 'D', 'E', 'F', 'G', '', '', '', '', '', '', '', '', '', '', '', '', '', '', '', '', '', '', '', '', '', '', '', '', '', '', 'A', 'B', 'C', 'D', 'E', 'F', 'G', 'H', 'I', 'J', 'K', 'L', 'M', 'M', 'L', 'K', 'J', 'I', 'H', 'G', 'F', 'E', 'D', 'C', 'B', 'A', '', '', '', '', '', '', '', '', '', '', '', '', '', '', '', '', '']","['Q', 'V', 'Q', 'L', 'E', 'Q', 'S', 'G', 'T', '-', 'A', 'V', 'R', 'K', 'P', 'G', 'A', 'S', 'V', 'T', 'L', 'S', 'C', 'Q', 'A', 'S', 'G', 'Y', 'N', 'F', '-', '-', '-', '-', '-', '-', '-', '-', '-', 'V', 'K', 'Y', 'I', 'I', 'H', 'W', 'V', 'R', 'Q', 'K', 'P', 'G', 'L', 'G', 'F', 'E', 'W', 'V', 'G', 'M', 'I', 'D', 'P', 'Y', '-', '-', '-', '-', '-', 'R', 'G', 'R', 'P', 'W', 'S', 'A', 'H', 'K', 'F', 'Q', '-', 'G', 'R', 'L', 'S', 'L', 'S', 'R', 'D', 'T', '-', '-', '-', '-', '-', '-', '-', '-', 'S', 'M', 'E', '-', '-', '-', '-', '-', '-', '-', 'I', 'L', 'Y', 'M', 'T', 'L', 'T', 'S', 'L', 'K', 'S', 'D', 'D', 'T', 'A', 'T', 'Y', 'F', 'C', 'A', 'R', 'A', 'E', 'A', 'A', 'S', 'D', 'S', '-', '-', '-', '-', '-', '-', '-', '-', '-', '-', '-', '-', '-', '-', '-', '-', '-', '-', '-', '-', '-', 'H', 'S', 'R', 'P', 'I', 'M', 'F', 'D', 'H', 'W', 'G', 'Q', 'G', 'S', 'L', 'V', 'T', 'V', 'S', 'S']",imgt,imgt,"human,mouse,rat,rabbit,rhesus,pig,alpaca,dog,cat","H,K,L,A,B,G,D",QVQLEQSGT-AVRKPGASVTLSCQAS,QVQLEQSGTAVRKPGASVTLSCQAS,GYNF---------VKYI,GYNFVKYI,IHWVRQKPGLGFEWVGM,IHWVRQKPGLGFEWVGM,IDPY-----RGRP,IDPYRGRP,WSAHKFQ-GRLSLSRDT--------SME-------ILYMTLTSLKSDDTATYFC,WSAHKFQGRLSLSRDTSMEILYMTLTSLKSDDTATYFC,ARAEAASDS---------------------HSRPIMFDH,ARAEAASDSHSRPIMFDH,WGQGSLVTVSS,WGQGSLVTVSS,,ASTKGPSVF
4,CH28_patent_20160244510_CH28_heavy_chain,EVQLVESGGSCVRLGGSLRLSCAASGFSVRNDQMAWVRQAPGKRLEWVSIINDGASPYYADSVKGRFAMSRDTSKNTVFLQMNSLRRDDTAVYFCARGIASFFDVWGRGTLVAVSSA,0,alpaca,H,0.0,172.5,0,115,human,IGHV3-66*01,0.75,IGHJ2*01,0.86,H,"[1, 2, 3, 4, 5, 6, 7, 8, 9, 10, 11, 12, 13, 14, 15, 16, 17, 18, 19, 20, 21, 22, 23, 24, 25, 26, 27, 28, 29, 30, 31, 32, 32, 32, 33, 33, 33, 33, 34, 35, 36, 37, 38, 39, 40, 41, 42, 43, 44, 45, 46, 47, 48, 49, 50, 51, 52, 53, 54, 55, 56, 57, 58, 59, 60, 60, 61, 61, 61, 62, 63, 64, 65, 66, 67, 68, 69, 70, 71, 72, 73, 74, 75, 76, 77, 78, 79, 80, 81, 82, 82, 82, 82, 82, 82, 82, 82, 82, 83, 84, 85, 85, 85, 85, 85, 85, 85, 85, 86, 87, 88, 89, 90, 91, 92, 93, 94, 95, 96, 97, 98, 99, 100, 101, 102, 103, 104, 105, 106, 107, 108, 109, 110, 111, 111, 111, 111, 111, 111, 111, 111, 111, 111, 111, 111, 111, 111, 112, 112, 112, 112, 112, 112, 112, 112, 112, 112, 112, 112, 112, 112, 113, 114, 115, 116, 117, 118, 119, 120, 121, 122, 123, 124, 125, 126, 127, 128]","['', '', '', '', '', '', '', '', '', '', '', '', '', '', '', '', '', '', '', '', '', '', '', '', '', '', '', '', '', '', '', '', 'A', 'B', 'C', 'B', 'A', '', '', '', '', '', '', '', '', '', '', '', '', '', '', '', '', '', '', '', '', '', '', '', '', '', '', '', '', 'A', 'B', 'A', '', '', '', '', '', '', '', '', '', '', '', '', '', '', '', '', '', '', '', '', '', '', 'A', 'B', 'C', 'D', 'E', 'F', 'G', 'H', '', '', '', 'A', 'B', 'C', 'D', 'E', 'F', 'G', '', '', '', '', '', '', '', '', '', '', '', '', '', '', '', '', '', '', '', '', '', '', '', '', '', '', 'A', 'B', 'C', 'D', 'E', 'F', 'G', 'H', 'I', 'J', 'K', 'L', 'M', 'M', 'L', 'K', 'J', 'I', 'H', 'G', 'F', 'E', 'D', 'C', 'B', 'A', '', '', '', '', '', '', '', '', '', '', '', '', '', '', '', '', '']","['E', 'V', 'Q', 'L', 'V', 'E', 'S', 'G', 'G', '-', 'S', 'C', 'V', 'R', 'L', 'G', 'G', 'S', 'L', 'R', 'L', 'S', 'C', 'A', 'A', 'S', 'G', 'F', 'S', 'V', '-', '-', '-', '-', '-', '-', '-', '-', '-', 'R', 'N', 'D', 'Q', 'M', 'A', 'W', 'V', 'R', 'Q', 'A', 'P', 'G', 'K', 'R', 'L', 'E', 'W', 'V', 'S', 'I', 'I', 'N', 'D', 'G', '-', '-', '-', '-', '-', '-', 'A', 'S', 'P', 'Y', 'Y', 'A', 'D', 'S', 'V', 'K', '-', 'G', 'R', 'F', 'A', 'M', 'S', 'R', 'D', 'T', '-', '-', '-', '-', '-', '-', '-', '-', 'S', 'K', 'N', '-', '-', '-', '-', '-', '-', '-', 'T', 'V', 'F', 'L', 'Q', 'M', 'N', 'S', 'L', 'R', 'R', 'D', 'D', 'T', 'A', 'V', 'Y', 'F', 'C', 'A', 'R', 'G', 'I', 'A', '-', '-', '-', '-', '-', '-', '-', '-', '-', '-', '-', '-', '-', '-', '-', '-', '-', '-', '-', '-', '-', '-', '-', '-', '-', '-', '-', '-', '-', 'S', 'F', 'F', 'D', 'V', 'W', 'G', 'R', 'G', 'T', 'L', 'V', 'A', 'V', 'S', 'S']",imgt,imgt,"human,mouse,rat,rabbit,rhesus,pig,alpaca,dog,cat","H,K,L,A,B,G,D",EVQLVESGG-SCVRLGGSLRLSCAAS,EVQLVESGGSCVRLGGSLRLSCAAS,GFSV---------RNDQ,GFSVRNDQ,MAWVRQAPGKRLEWVSI,MAWVRQAPGKRLEWVSI,INDG------ASP,INDGASP,YYADSVK-GRFAMSRDT--------SKN-------TVFLQMNSLRRDDTAVYFC,YYADSVKGRFAMSRDTSKNTVFLQMNSLRRDDTAVYFC,ARGIA-----------------------------SFFDV,ARGIASFFDV,WGRGTLVAVSS,WGRGTLVAVSS,,A
5,PCT64-35H_MF565886_PCT64-35H-HC_anti-HIV_immunoglobulin_heavy_chain_variable_region,EVQLVESGGGLVKPGGSLRLSCVGSEFTFSEAWMTWVRQAPGKGLEWVGDMRPTPEGGAKNYAAPVKGRFTVSRDDSKSTLYLQMNSLKIEDTAVYYCMTGVERGDFWSDDYSQHYNTYLIDVWGKGTTVTVSS,0,dog,H,0.0,167.0,0,133,human,IGHV3-15*06,0.82,IGHJ6*04,0.93,H,"[1, 2, 3, 4, 5, 6, 7, 8, 9, 10, 11, 12, 13, 14, 15, 16, 17, 18, 19, 20, 21, 22, 23, 24, 25, 26, 27, 28, 29, 30, 31, 32, 32, 32, 33, 33, 33, 33, 34, 35, 36, 37, 38, 39, 40, 41, 42, 43, 44, 45, 46, 47, 48, 49, 50, 51, 52, 53, 54, 55, 56, 57, 58, 59, 60, 60, 61, 61, 61, 62, 63, 64, 65, 66, 67, 68, 69, 70, 71, 72, 73, 74, 75, 76, 77, 78, 79, 80, 81, 82, 82, 82, 82, 82, 82, 82, 82, 82, 83, 84, 85, 85, 85, 85, 85, 85, 85, 85, 86, 87, 88, 89, 90, 91, 92, 93, 94, 95, 96, 97, 98, 99, 100, 101, 102, 103, 104, 105, 106, 107, 108, 109, 110, 111, 111, 111, 111, 111, 111, 111, 111, 111, 111, 111, 111, 111, 111, 112, 112, 112, 112, 112, 112, 112, 112, 112, 112, 112, 112, 112, 112, 113, 114, 115, 116, 117, 118, 119, 120, 121, 122, 123, 124, 125, 126, 127, 128]","['', '', '', '', '', '', '', '', '', '', '', '', '', '', '', '', '', '', '', '', '', '', '', '', '', '', '', '', '', '', '', '', 'A', 'B', 'C', 'B', 'A', '', '', '', '', '', '', '', '', '', '', '', '', '', '', '', '', '', '', '', '', '', '', '', '', '', '', '', '', 'A', 'B', 'A', '', '', '', '', '', '', '', '', '', '', '', '', '', '', '', '', '', '', '', '', '', '', 'A', 'B', 'C', 'D', 'E', 'F', 'G', 'H', '', '', '', 'A', 'B', 'C', 'D', 'E', 'F', 'G', '', '', '', '', '', '', '', '', '', '', '', '', '', '', '', '', '', '', '', '', '', '', '', '', '', '', 'A', 'B', 'C', 'D', 'E', 'F', 'G', 'H', 'I', 'J', 'K', 'L', 'M', 'M', 'L', 'K', 'J', 'I', 'H', 'G', 'F', 'E', 'D', 'C', 'B', 'A', '', '', '', '', '', '', '', '', '', '', '', '', '', '', '', '', '']","['E', 'V', 'Q', 'L', 'V', 'E', 'S', 'G', 'G', '-', 'G', 'L', 'V', 'K', 'P', 'G', 'G', 'S', 'L', 'R', 'L', 'S', 'C', 'V', 'G', 'S', 'E', 'F', 'T', 'F', '-', '-', '-', '-', '-', '-', '-', '-', '-', 'S', 'E', 'A', 'W', 'M', 'T', 'W', 'V', 'R', 'Q', 'A', 'P', 'G', 'K', 'G', 'L', 'E', 'W', 'V', 'G', 'D', 'M', 'R', 'P', 'T', 'P', '-', '-', '-', 'E', 'G', 'G', 'A', 'K', 'N', 'Y', 'A', 'A', 'P', 'V', 'K', '-', 'G', 'R', 'F', 'T', 'V', 'S', 'R', 'D', 'D', '-', '-', '-', '-', '-', '-', '-', '-', 'S', 'K', 'S', '-', '-', '-', '-', '-', '-', '-', 'T', 'L', 'Y', 'L', 'Q', 'M', 'N', 'S', 'L', 'K', 'I', 'E', 'D', 'T', 'A', 'V', 'Y', 'Y', 'C', 'M', 'T', 'G', 'V', 'E', 'R', 'G', 'D', 'F', 'W', 'S', 'D', 'D', '-', '-', '-', '-', '-', '-', '-', '-', '-', '-', '-', '-', '-', '-', 'Y', 'S', 'Q', 'H', 'Y', 'N', 'T', 'Y', 'L', 'I', 'D', 'V', 'W', 'G', 'K', 'G', 'T', 'T', 'V', 'T', 'V', 'S', 'S']",imgt,imgt,"human,mouse,rat,rabbit,rhesus,pig,alpaca,dog,cat","H,K,L,A,B,G,D",EVQLVESGG-GLVKPGGSLRLSCVGS,EVQLVESGGGLVKPGGSLRLSCVGS,EFTF---------SEAW,EFTFSEAW,MTWVRQAPGKGLEWVGD,MTWVRQAPGKGLEWVGD,MRPTP---EGGAK,MRPTPEGGAK,NYAAPVK-GRFTVSRDD--------SKS-------TLYLQMNSLKIEDTAVYYC,NYAAPVKGRFTVSRDDSKSTLYLQMNSLKIEDTAVYYC,MTGVERGDFWSDD--------------YSQHYNTYLIDV,MTGVERGDFWSDDYSQHYNTYLIDV,WGKGTTVTVSS,WGKGTTVTVSS,,
6,DH270.3_KY354944_DH270.3_immunoglobulin_heavy_chain_variable_region_mRNA,QVQLVQSGAELKKPGASVKVSCKASGYTLSDYYVHWLRQAPGQGLEWVAWINPTSGRTISPRKFQGRVTMTTDTSMNVAYMELRGLRSDDTAVYFCARGGWISLYVDYSYYPNFDSWGQGTLVSVSS,0,human,H,0.0,162.1,0,126,human,IGHV1-2*02,0.79,IGHJ5*01,0.93,H,"[1, 2, 3, 4, 5, 6, 7, 8, 9, 10, 11, 12, 13, 14, 15, 16, 17, 18, 19, 20, 21, 22, 23, 24, 25, 26, 27, 28, 29, 30, 31, 32, 32, 32, 33, 33, 33, 33, 34, 35, 36, 37, 38, 39, 40, 41, 42, 43, 44, 45, 46, 47, 48, 49, 50, 51, 52, 53, 54, 55, 56, 57, 58, 59, 60, 60, 61, 61, 61, 62, 63, 64, 65, 66, 67, 68, 69, 70, 71, 72, 73, 74, 75, 76, 77, 78, 79, 80, 81, 82, 82, 82, 82, 82, 82, 82, 82, 82, 83, 84, 85, 85, 85, 85, 85, 85, 85, 85, 86, 87, 88, 89, 90, 91, 92, 93, 94, 95, 96, 97, 98, 99, 100, 101, 102, 103, 104, 105, 106, 107, 108, 109, 110, 111, 111, 111, 111, 111, 111, 111, 111, 111, 111, 111, 111, 111, 111, 112, 112, 112, 112, 112, 112, 112, 112, 112, 112, 112, 112, 112, 112, 113, 114, 115, 116, 117, 118, 119, 120, 121, 122, 123, 124, 125, 126, 127, 128]","['', '', '', '', '', '', '', '', '', '', '', '', '', '', '', '', '', '', '', '', '', '', '', '', '', '', '', '', '', '', '', '', 'A', 'B', 'C', 'B', 'A', '', '', '', '', '', '', '', '', '', '', '', '', '', '', '', '', '', '', '', '', '', '', '', '', '', '', '', '', 'A', 'B', 'A', '', '', '', '', '', '', '', '', '', '', '', '', '', '', '', '', '', '', '', '', '', '', 'A', 'B', 'C', 'D', 'E', 'F', 'G', 'H', '', '', '', 'A', 'B', 'C', 'D', 'E', 'F', 'G', '', '', '', '', '', '', '', '', '', '', '', '', '', '', '', '', '', '', '', '', '', '', '', '', '', '', 'A', 'B', 'C', 'D', 'E', 'F', 'G', 'H', 'I', 'J', 'K', 'L', 'M', 'M', 'L', 'K', 'J', 'I', 'H', 'G', 'F', 'E', 'D', 'C', 'B', 'A', '', '', '', '', '', '', '', '', '', '', '', '', '', '', '', '', '']","['Q', 'V', 'Q', 'L', 'V', 'Q', 'S', 'G', 'A', '-', 'E', 'L', 'K', 'K', 'P', 'G', 'A', 'S', 'V', 'K', 'V', 'S', 'C', 'K', 'A', 'S', 'G', 'Y', 'T', 'L', '-', '-', '-', '-', '-', '-', '-', '-', '-', 'S', 'D', 'Y', 'Y', 'V', 'H', 'W', 'L', 'R', 'Q', 'A', 'P', 'G', 'Q', 'G', 'L', 'E', 'W', 'V', 'A', 'W', 'I', 'N', 'P', 'T', '-', '-', '-', '-', '-', 'S', 'G', 'R', 'T', 'I', 'S', 'P', 'R', 'K', 'F', 'Q', '-', 'G', 'R', 'V', 'T', 'M', 'T', 'T', 'D', 'T', '-', '-', '-', '-', '-', '-', '-', '-', 'S', 'M', 'N', '-', '-', '-', '-', '-', '-', '-', 'V', 'A', 'Y', 'M', 'E', 'L', 'R', 'G', 'L', 'R', 'S', 'D', 'D', 'T', 'A', 'V', 'Y', 'F', 'C', 'A', 'R', 'G', 'G', 'W', 'I', 'S', 'L', 'Y', 'V', '-', '-', '-', '-', '-', '-', '-', '-', '-', '-', '-', '-', '-', '-', '-', '-', '-', '-', '-', 'D', 'Y', 'S', 'Y', 'Y', 'P', 'N', 'F', 'D', 'S', 'W', 'G', 'Q', 'G', 'T', 'L', 'V', 'S', 'V', 'S', 'S']",imgt,imgt,"human,mouse,rat,rabbit,rhesus,pig,alpaca,dog,cat","H,K,L,A,B,G,D",QVQLVQSGA-ELKKPGASVKVSCKAS,QVQLVQSGAELKKPGASVKVSCKAS,GYTL---------SDYY,GYTLSDYY,VHWLRQAPGQGLEWVAW,VHWLRQAPGQGLEWVAW,INPT-----SGRT,INPTSGRT,ISPRKFQ-GRVTMTTDT--------SMN-------VAYMELRGLRSDDTAVYFC,ISPRKFQGRVTMTTDTSMNVAYMELRGLRSDDTAVYFC,ARGGWISLYV-------------------DYSYYPNFDS,ARGGWISLYVDYSYYPNFDS,WGQGTLVSVSS,WGQGTLVSVSS,,
7,VRC03_GU980706_Homo_sapiens_isolate_VRC03_anti-HIV_immunoglobulin_heavy_chain_variable_region_mRNA _partial_cds,QVQLVQSGAVIKTPGSSVKISCRASGYNFRDYSIHWVRLIPDKGFEWIGWIKPLWGAVSYARQLQGRVSMTRQLSQDPDDPDWGVAYMEFSGLTPADTAEYFCVRRGSCDYCGDFPWQYWGQGTVVVVSS,0,human,H,1.15e-37,118.9,0,129,human,IGHV1-2*02,0.59,IGHJ1*01,0.71,H,"[1, 2, 3, 4, 5, 6, 7, 8, 9, 10, 11, 12, 13, 14, 15, 16, 17, 18, 19, 20, 21, 22, 23, 24, 25, 26, 27, 28, 29, 30, 31, 32, 32, 32, 33, 33, 33, 33, 34, 35, 36, 37, 38, 39, 40, 41, 42, 43, 44, 45, 46, 47, 48, 49, 50, 51, 52, 53, 54, 55, 56, 57, 58, 59, 60, 60, 61, 61, 61, 62, 63, 64, 65, 66, 67, 68, 69, 70, 71, 72, 73, 74, 75, 76, 77, 78, 79, 80, 81, 82, 82, 82, 82, 82, 82, 82, 82, 82, 83, 84, 85, 85, 85, 85, 85, 85, 85, 85, 86, 87, 88, 89, 90, 91, 92, 93, 94, 95, 96, 97, 98, 99, 100, 101, 102, 103, 104, 105, 106, 107, 108, 109, 110, 111, 111, 111, 111, 111, 111, 111, 111, 111, 111, 111, 111, 111, 111, 112, 112, 112, 112, 112, 112, 112, 112, 112, 112, 112, 112, 112, 112, 113, 114, 115, 116, 117, 118, 119, 120, 121, 122, 123, 124, 125, 126, 127, 128]","['', '', '', '', '', '', '', '', '', '', '', '', '', '', '', '', '', '', '', '', '', '', '', '', '', '', '', '', '', '', '', '', 'A', 'B', 'C', 'B', 'A', '', '', '', '', '', '', '', '', '', '', '', '', '', '', '', '', '', '', '', '', '', '', '', '', '', '', '', '', 'A', 'B', 'A', '', '', '', '', '', '', '', '', '', '', '', '', '', '', '', '', '', '', '', '', '', '', 'A', 'B', 'C', 'D', 'E', 'F', 'G', 'H', '', '', '', 'A', 'B', 'C', 'D', 'E', 'F', 'G', '', '', '', '', '', '', '', '', '', '', '', '', '', '', '', '', '', '', '', '', '', '', '', '', '', '', 'A', 'B', 'C', 'D', 'E', 'F', 'G', 'H', 'I', 'J', 'K', 'L', 'M', 'M', 'L', 'K', 'J', 'I', 'H', 'G', 'F', 'E', 'D', 'C', 'B', 'A', '', '', '', '', '', '', '', '', '', '', '', '', '', '', '', '', '']","['Q', 'V', 'Q', 'L', 'V', 'Q', 'S', 'G', 'A', '-', 'V', 'I', 'K', 'T', 'P', 'G', 'S', 'S', 'V', 'K', 'I', 'S', 'C', 'R', 'A', 'S', 'G', 'Y', 'N', 'F', '-', '-', '-', '-', '-', '-', '-', '-', '-', 'R', 'D', 'Y', 'S', 'I', 'H', 'W', 'V', 'R', 'L', 'I', 'P', 'D', 'K', 'G', 'F', 'E', 'W', 'I', 'G', 'W', 'I', 'K', 'P', 'L', '-', '-', '-', '-', '-', 'W', 'G', 'A', 'V', 'S', 'Y', 'A', 'R', 'Q', 'L', 'Q', '-', 'G', 'R', 'V', 'S', 'M', 'T', 'R', 'Q', 'L', '-', '-', '-', '-', '-', '-', '-', '-', 'S', 'Q', 'D', 'P', 'D', 'D', 'P', 'D', 'W', 'G', 'V', 'A', 'Y', 'M', 'E', 'F', 'S', 'G', 'L', 'T', 'P', 'A', 'D', 'T', 'A', 'E', 'Y', 'F', 'C', 'V', 'R', 'R', 'G', 'S', 'C', 'D', 'Y', '-', '-', '-', '-', '-', '-', '-', '-', '-', '-', '-', '-', '-', '-', '-', '-', '-', '-', '-', '-', '-', '-', '-', 'C', 'G', 'D', 'F', 'P', 'W', 'Q', 'Y', 'W', 'G', 'Q', 'G', 'T', 'V', 'V', 'V', 'V', 'S', 'S']",imgt,imgt,"human,mouse,rat,rabbit,rhesus,pig,alpaca,dog,cat","H,K,L,A,B,G,D",QVQLVQSGA-VIKTPGSSVKISCRAS,QVQLVQSGAVIKTPGSSVKISCRAS,GYNF---------RDYS,GYNFRDYS,IHWVRLIPDKGFEWIGW,IHWVRLIPDKGFEWIGW,IKPL-----WGAV,IKPLWGAV,SYARQLQ-GRVSMTRQL--------SQDPDDPDWGVAYMEFSGLTPADTAEYFC,SYARQLQGRVSMTRQLSQDPDDPDWGVAYMEFSGLTPADTAEYFC,VRRGSCDY-----------------------CGDFPWQY,VRRGSCDYCGDFPWQY,WGQGTVVVVSS,WGQGTVVVVSS,,
8,VRC26.10_KJ134875_Homo_sapiens_anti-HIV-1_immunoglobulin_CAP256-VRC26.10_heavy_chain_variable_region_mRNA _partial_cds,QAILVESGGGVVQPGRSLRLSCAASQFTFSGHGLHWVRQAPGKGLEWVASISFAGTKMDYADSVKGRFAISRDNSKNTLYLQMNSLRVEDTALYYCAKDMREYECEYWTSDYYDFGRPQPCIDRRGVVGIFDMWGQGTMVTVS,0,pig,H,0.0,158.9,0,142,human,IGHV3-30*18,0.84,IGHJ3*01,0.71,H,"[1, 2, 3, 4, 5, 6, 7, 8, 9, 10, 11, 12, 13, 14, 15, 16, 17, 18, 19, 20, 21, 22, 23, 24, 25, 26, 27, 28, 29, 30, 31, 32, 32, 32, 33, 33, 33, 33, 34, 35, 36, 37, 38, 39, 40, 41, 42, 43, 44, 45, 46, 47, 48, 49, 50, 51, 52, 53, 54, 55, 56, 57, 58, 59, 60, 60, 61, 61, 61, 62, 63, 64, 65, 66, 67, 68, 69, 70, 71, 72, 73, 74, 75, 76, 77, 78, 79, 80, 81, 82, 82, 82, 82, 82, 82, 82, 82, 82, 83, 84, 85, 85, 85, 85, 85, 85, 85, 85, 86, 87, 88, 89, 90, 91, 92, 93, 94, 95, 96, 97, 98, 99, 100, 101, 102, 103, 104, 105, 106, 107, 108, 109, 110, 111, 111, 111, 111, 111, 111, 111, 111, 111, 111, 111, 111, 111, 111, 112, 112, 112, 112, 112, 112, 112, 112, 112, 112, 112, 112, 112, 112, 113, 114, 115, 116, 117, 118, 119, 120, 121, 122, 123, 124, 125, 126, 127, 128]","['', '', '', '', '', '', '', '', '', '', '', '', '', '', '', '', '', '', '', '', '', '', '', '', '', '', '', '', '', '', '', '', 'A', 'B', 'C', 'B', 'A', '', '', '', '', '', '', '', '', '', '', '', '', '', '', '', '', '', '', '', '', '', '', '', '', '', '', '', '', 'A', 'B', 'A', '', '', '', '', '', '', '', '', '', '', '', '', '', '', '', '', '', '', '', '', '', '', 'A', 'B', 'C', 'D', 'E', 'F', 'G', 'H', '', '', '', 'A', 'B', 'C', 'D', 'E', 'F', 'G', '', '', '', '', '', '', '', '', '', '', '', '', '', '', '', '', '', '', '', '', '', '', '', '', '', '', 'A', 'B', 'C', 'D', 'E', 'F', 'G', 'H', 'I', 'J', 'K', 'L', 'M', 'M', 'L', 'K', 'J', 'I', 'H', 'G', 'F', 'E', 'D', 'C', 'B', 'A', '', '', '', '', '', '', '', '', '', '', '', '', '', '', '', '', '']","['Q', 'A', 'I', 'L', 'V', 'E', 'S', 'G', 'G', '-', 'G', 'V', 'V', 'Q', 'P', 'G', 'R', 'S', 'L', 'R', 'L', 'S', 'C', 'A', 'A', 'S', 'Q', 'F', 'T', 'F', '-', '-', '-', '-', '-', '-', '-', '-', '-', 'S', 'G', 'H', 'G', 'L', 'H', 'W', 'V', 'R', 'Q', 'A', 'P', 'G', 'K', 'G', 'L', 'E', 'W', 'V', 'A', 'S', 'I', 'S', 'F', 'A', '-', '-', '-', '-', '-', 'G', 'T', 'K', 'M', 'D', 'Y', 'A', 'D', 'S', 'V', 'K', '-', 'G', 'R', 'F', 'A', 'I', 'S', 'R', 'D', 'N', '-', '-', '-', '-', '-', '-', '-', '-', 'S', 'K', 'N', '-', '-', '-', '-', '-', '-', '-', 'T', 'L', 'Y', 'L', 'Q', 'M', 'N', 'S', 'L', 'R', 'V', 'E', 'D', 'T', 'A', 'L', 'Y', 'Y', 'C', 'A', 'K', 'D', 'M', 'R', 'E', 'Y', 'E', 'C', 'E', 'Y', 'W', 'T', 'S', 'D', 'Y', 'Y', 'D', 'F', '-', '-', 'G', 'R', 'P', 'Q', 'P', 'C', 'I', 'D', 'R', 'R', 'G', 'V', 'V', 'G', 'I', 'F', 'D', 'M', 'W', 'G', 'Q', 'G', 'T', 'M', 'V', 'T', 'V', 'S', '-']",imgt,imgt,"human,mouse,rat,rabbit,rhesus,pig,alpaca,dog,cat","H,K,L,A,B,G,D",QAILVESGG-GVVQPGRSLRLSCAAS,QAILVESGGGVVQPGRSLRLSCAAS,QFTF---------SGHG,QFTFSGHG,LHWVRQAPGKGLEWVAS,LHWVRQAPGKGLEWVAS,ISFA-----GTKM,ISFAGTKM,DYADSVK-GRFAISRDN--------SKN-------TLYLQMNSLRVEDTALYYC,DYADSVKGRFAISRDNSKNTLYLQMNSLRVEDTALYYC,AKDMREYECEYWTSDYYDF--GRPQPCIDRRGVVGIFDM,AKDMREYECEYWTSDYYDFGRPQPCIDRRGVVGIFDM,WGQGTMVTVS-,WGQGTMVTVS,,
9,DH511.11P_KY272671_DH511.11P_immunoglobulin_heavy_chain_variable_region,QVQLVQSGGGLVKPGGSLTLSCVTSGFTFSNTWMSWVRQTPGKGLEWVARISRVGDGPIIDYAAPVKGRFIISRDDSRNTLFLHMNNLKTEDTAVYYCTADEGAPILRFFEWGYYNYYMDVWGKGTTVIVSS,0,cat,H,0.0,166.6,0,131,human,IGHV3-15*01,0.79,IGHJ6*04,0.93,H,"[1, 2, 3, 4, 5, 6, 7, 8, 9, 10, 11, 12, 13, 14, 15, 16, 17, 18, 19, 20, 21, 22, 23, 24, 25, 26, 27, 28, 29, 30, 31, 32, 32, 32, 33, 33, 33, 33, 34, 35, 36, 37, 38, 39, 40, 41, 42, 43, 44, 45, 46, 47, 48, 49, 50, 51, 52, 53, 54, 55, 56, 57, 58, 59, 60, 60, 61, 61, 61, 62, 63, 64, 65, 66, 67, 68, 69, 70, 71, 72, 73, 74, 75, 76, 77, 78, 79, 80, 81, 82, 82, 82, 82, 82, 82, 82, 82, 82, 83, 84, 85, 85, 85, 85, 85, 85, 85, 85, 86, 87, 88, 89, 90, 91, 92, 93, 94, 95, 96, 97, 98, 99, 100, 101, 102, 103, 104, 105, 106, 107, 108, 109, 110, 111, 111, 111, 111, 111, 111, 111, 111, 111, 111, 111, 111, 111, 111, 112, 112, 112, 112, 112, 112, 112, 112, 112, 112, 112, 112, 112, 112, 113, 114, 115, 116, 117, 118, 119, 120, 121, 122, 123, 124, 125, 126, 127, 128]","['', '', '', '', '', '', '', '', '', '', '', '', '', '', '', '', '', '', '', '', '', '', '', '', '', '', '', '', '', '', '', '', 'A', 'B', 'C', 'B', 'A', '', '', '', '', '', '', '', '', '', '', '', '', '', '', '', '', '', '', '', '', '', '', '', '', '', '', '', '', 'A', 'B', 'A', '', '', '', '', '', '', '', '', '', '', '', '', '', '', '', '', '', '', '', '', '', '', 'A', 'B', 'C', 'D', 'E', 'F', 'G', 'H', '', '', '', 'A', 'B', 'C', 'D', 'E', 'F', 'G', '', '', '', '', '', '', '', '', '', '', '', '', '', '', '', '', '', '', '', '', '', '', '', '', '', '', 'A', 'B', 'C', 'D', 'E', 'F', 'G', 'H', 'I', 'J', 'K', 'L', 'M', 'M', 'L', 'K', 'J', 'I', 'H', 'G', 'F', 'E', 'D', 'C', 'B', 'A', '', '', '', '', '', '', '', '', '', '', '', '', '', '', '', '', '']","['Q', 'V', 'Q', 'L', 'V', 'Q', 'S', 'G', 'G', '-', 'G', 'L', 'V', 'K', 'P', 'G', 'G', 'S', 'L', 'T', 'L', 'S', 'C', 'V', 'T', 'S', 'G', 'F', 'T', 'F', '-', '-', '-', '-', '-', '-', '-', '-', '-', 'S', 'N', 'T', 'W', 'M', 'S', 'W', 'V', 'R', 'Q', 'T', 'P', 'G', 'K', 'G', 'L', 'E', 'W', 'V', 'A', 'R', 'I', 'S', 'R', 'V', 'G', '-', '-', '-', 'D', 'G', 'P', 'I', 'I', 'D', 'Y', 'A', 'A', 'P', 'V', 'K', '-', 'G', 'R', 'F', 'I', 'I', 'S', 'R', 'D', 'D', '-', '-', '-', '-', '-', '-', '-', '-', 'S', 'R', 'N', '-', '-', '-', '-', '-', '-', '-', 'T', 'L', 'F', 'L', 'H', 'M', 'N', 'N', 'L', 'K', 'T', 'E', 'D', 'T', 'A', 'V', 'Y', 'Y', 'C', 'T', 'A', 'D', 'E', 'G', 'A', 'P', 'I', 'L', 'R', 'F', 'F', '-', '-', '-', '-', '-', '-', '-', '-', '-', '-', '-', '-', '-', '-', '-', '-', 'E', 'W', 'G', 'Y', 'Y', 'N', 'Y', 'Y', 'M', 'D', 'V', 'W', 'G', 'K', 'G', 'T', 'T', 'V', 'I', 'V', 'S', 'S']",imgt,imgt,"human,mouse,rat,rabbit,rhesus,pig,alpaca,dog,cat","H,K,L,A,B,G,D",QVQLVQSGG-GLVKPGGSLTLSCVTS,QVQLVQSGGGLVKPGGSLTLSCVTS,GFTF---------SNTW,GFTFSNTW,MSWVRQTPGKGLEWVAR,MSWVRQTPGKGLEWVAR,ISRVG---DGPII,ISRVGDGPII,DYAAPVK-GRFIISRDD--------SRN-------TLFLHMNNLKTEDTAVYYC,DYAAPVKGRFIISRDDSRNTLFLHMNNLKTEDTAVYYC,TADEGAPILRFF----------------EWGYYNYYMDV,TADEGAPILRFFEWGYYNYYMDV,WGKGTTVIVSS,WGKGTTVIVSS,,
10,CH103_KC575845_Homo_sapiens_isolate_CH103_immunoglobulin_heavy_chain_variable_region_(IGHV)_gene _partial_cds,SETLSLTCTVSGGSMGGTYWSWLRLSPGKGLEWIGYIFHTGETNYSPSLKGRVSISVDTSEDQFSLRLRSVTAADTAVYFCASLPRGQLVNAYFRNWGRGSLVSVTA,0,rhesus,H,3.66e-43,136.2,0,106,human,IGHV4-61*08,0.66,IGHJ2*01,0.57,H,"[1, 2, 3, 4, 5, 6, 7, 8, 9, 10, 11, 12, 13, 14, 15, 16, 17, 18, 19, 20, 21, 22, 23, 24, 25, 26, 27, 28, 29, 30, 31, 32, 32, 32, 33, 33, 33, 33, 34, 35, 36, 37, 38, 39, 40, 41, 42, 43, 44, 45, 46, 47, 48, 49, 50, 51, 52, 53, 54, 55, 56, 57, 58, 59, 60, 60, 61, 61, 61, 62, 63, 64, 65, 66, 67, 68, 69, 70, 71, 72, 73, 74, 75, 76, 77, 78, 79, 80, 81, 82, 82, 82, 82, 82, 82, 82, 82, 82, 83, 84, 85, 85, 85, 85, 85, 85, 85, 85, 86, 87, 88, 89, 90, 91, 92, 93, 94, 95, 96, 97, 98, 99, 100, 101, 102, 103, 104, 105, 106, 107, 108, 109, 110, 111, 111, 111, 111, 111, 111, 111, 111, 111, 111, 111, 111, 111, 111, 112, 112, 112, 112, 112, 112, 112, 112, 112, 112, 112, 112, 112, 112, 113, 114, 115, 116, 117, 118, 119, 120, 121, 122, 123, 124, 125, 126, 127, 128]","['', '', '', '', '', '', '', '', '', '', '', '', '', '', '', '', '', '', '', '', '', '', '', '', '', '', '', '', '', '', '', '', 'A', 'B', 'C', 'B', 'A', '', '', '', '', '', '', '', '', '', '', '', '', '', '', '', '', '', '', '', '', '', '', '', '', '', '', '', '', 'A', 'B', 'A', '', '', '', '', '', '', '', '', '', '', '', '', '', '', '', '', '', '', '', '', '', '', 'A', 'B', 'C', 'D', 'E', 'F', 'G', 'H', '', '', '', 'A', 'B', 'C', 'D', 'E', 'F', 'G', '', '', '', '', '', '', '', '', '', '', '', '', '', '', '', '', '', '', '', '', '', '', '', '', '', '', 'A', 'B', 'C', 'D', 'E', 'F', 'G', 'H', 'I', 'J', 'K', 'L', 'M', 'M', 'L', 'K', 'J', 'I', 'H', 'G', 'F', 'E', 'D', 'C', 'B', 'A', '', '', '', '', '', '', '', '', '', '', '', '', '', '', '', '', '']","['-', '-', '-', '-', '-', '-', '-', '-', '-', '-', '-', '-', '-', '-', '-', 'S', 'E', 'T', 'L', 'S', 'L', 'T', 'C', 'T', 'V', 'S', 'G', 'G', 'S', 'M', '-', '-', '-', '-', '-', '-', '-', '-', '-', 'G', 'G', 'T', 'Y', 'W', 'S', 'W', 'L', 'R', 'L', 'S', 'P', 'G', 'K', 'G', 'L', 'E', 'W', 'I', 'G', 'Y', 'I', 'F', 'H', 'T', '-', '-', '-', '-', '-', '-', 'G', 'E', 'T', 'N', 'Y', 'S', 'P', 'S', 'L', 'K', '-', 'G', 'R', 'V', 'S', 'I', 'S', 'V', 'D', 'T', '-', '-', '-', '-', '-', '-', '-', '-', 'S', 'E', 'D', '-', '-', '-', '-', '-', '-', '-', 'Q', 'F', 'S', 'L', 'R', 'L', 'R', 'S', 'V', 'T', 'A', 'A', 'D', 'T', 'A', 'V', 'Y', 'F', 'C', 'A', 'S', 'L', 'P', 'R', 'G', 'Q', 'L', '-', '-', '-', '-', '-', '-', '-', '-', '-', '-', '-', '-', '-', '-', '-', '-', '-', '-', '-', '-', '-', '-', '-', '-', 'V', 'N', 'A', 'Y', 'F', 'R', 'N', 'W', 'G', 'R', 'G', 'S', 'L', 'V', 'S', 'V', 'T', 'A']",imgt,imgt,"human,mouse,rat,rabbit,rhesus,pig,alpaca,dog,cat","H,K,L,A,B,G,D",---------------SETLSLTCTVS,SETLSLTCTVS,GGSM---------GGTY,GGSMGGTY,WSWLRLSPGKGLEWIGY,WSWLRLSPGKGLEWIGY,IFHT------GET,IFHTGET,NYSPSLK-GRVSISVDT--------SED-------QFSLRLRSVTAADTAVYFC,NYSPSLKGRVSISVDTSEDQFSLRLRSVTAADTAVYFC,ASLPRGQL------------------------VNAYFRN,ASLPRGQLVNAYFRN,WGRGSLVSVTA,WGRGSLVSVTA,,
11,3BNC60_HE584535_Homo_sapiens_partial_mRNA_for_immunoglobulin_heavy_chain_variable_region_(IGHV_gene) _isolate_3BNC60,QVHLSQSGAAVTKPGASVRVSCEASGYKISDHFIHWWRQAPGQGLQWVGWINPKTGQPNNPRQFQGRVSLTRQASWDFDTYSFYMDLKAVRSDDTAIYFCARQRSDFWDFDVWGSGTQVTVSSASTKGPS,0,human,H,2.06e-42,134.2,0,122,human,IGHV1-2*02,0.61,IGHJ3*01,0.86,H,"[1, 2, 3, 4, 5, 6, 7, 8, 9, 10, 11, 12, 13, 14, 15, 16, 17, 18, 19, 20, 21, 22, 23, 24, 25, 26, 27, 28, 29, 30, 31, 32, 32, 32, 33, 33, 33, 33, 34, 35, 36, 37, 38, 39, 40, 41, 42, 43, 44, 45, 46, 47, 48, 49, 50, 51, 52, 53, 54, 55, 56, 57, 58, 59, 60, 60, 61, 61, 61, 62, 63, 64, 65, 66, 67, 68, 69, 70, 71, 72, 73, 74, 75, 76, 77, 78, 79, 80, 81, 82, 82, 82, 82, 82, 82, 82, 82, 82, 83, 84, 85, 85, 85, 85, 85, 85, 85, 85, 86, 87, 88, 89, 90, 91, 92, 93, 94, 95, 96, 97, 98, 99, 100, 101, 102, 103, 104, 105, 106, 107, 108, 109, 110, 111, 111, 111, 111, 111, 111, 111, 111, 111, 111, 111, 111, 111, 111, 112, 112, 112, 112, 112, 112, 112, 112, 112, 112, 112, 112, 112, 112, 113, 114, 115, 116, 117, 118, 119, 120, 121, 122, 123, 124, 125, 126, 127, 128]","['', '', '', '', '', '', '', '', '', '', '', '', '', '', '', '', '', '', '', '', '', '', '', '', '', '', '', '', '', '', '', '', 'A', 'B', 'C', 'B', 'A', '', '', '', '', '', '', '', '', '', '', '', '', '', '', '', '', '', '', '', '', '', '', '', '', '', '', '', '', 'A', 'B', 'A', '', '', '', '', '', '', '', '', '', '', '', '', '', '', '', '', '', '', '', '', '', '', 'A', 'B', 'C', 'D', 'E', 'F', 'G', 'H', '', '', '', 'A', 'B', 'C', 'D', 'E', 'F', 'G', '', '', '', '', '', '', '', '', '', '', '', '', '', '', '', '', '', '', '', '', '', '', '', '', '', '', 'A', 'B', 'C', 'D', 'E', 'F', 'G', 'H', 'I', 'J', 'K', 'L', 'M', 'M', 'L', 'K', 'J', 'I', 'H', 'G', 'F', 'E', 'D', 'C', 'B', 'A', '', '', '', '', '', '', '', '', '', '', '', '', '', '', '', '', '']","['Q', 'V', 'H', 'L', 'S', 'Q', 'S', 'G', 'A', '-', 'A', 'V', 'T', 'K', 'P', 'G', 'A', 'S', 'V', 'R', 'V', 'S', 'C', 'E', 'A', 'S', 'G', 'Y', 'K', 'I', '-', '-', '-', '-', '-', '-', '-', '-', '-', 'S', 'D', 'H', 'F', 'I', 'H', 'W', 'W', 'R', 'Q', 'A', 'P', 'G', 'Q', 'G', 'L', 'Q', 'W', 'V', 'G', 'W', 'I', 'N', 'P', 'K', '-', '-', '-', '-', '-', 'T', 'G', 'Q', 'P', 'N', 'N', 'P', 'R', 'Q', 'F', 'Q', '-', 'G', 'R', 'V', 'S', 'L', 'T', 'R', 'Q', 'A', '-', '-', '-', '-', '-', '-', '-', '-', 'S', 'W', 'D', 'F', 'D', 'T', 'Y', '-', '-', '-', 'S', 'F', 'Y', 'M', 'D', 'L', 'K', 'A', 'V', 'R', 'S', 'D', 'D', 'T', 'A', 'I', 'Y', 'F', 'C', 'A', 'R', 'Q', 'R', 'S', 'D', '-', '-', '-', '-', '-', '-', '-', '-', '-', '-', '-', '-', '-', '-', '-', '-', '-', '-', '-', '-', '-', '-', '-', '-', '-', '-', '-', 'F', 'W', 'D', 'F', 'D', 'V', 'W', 'G', 'S', 'G', 'T', 'Q', 'V', 'T', 'V', 'S', 'S']",imgt,imgt,"human,mouse,rat,rabbit,rhesus,pig,alpaca,dog,cat","H,K,L,A,B,G,D",QVHLSQSGA-AVTKPGASVRVSCEAS,QVHLSQSGAAVTKPGASVRVSCEAS,GYKI---------SDHF,GYKISDHF,IHWWRQAPGQGLQWVGW,IHWWRQAPGQGLQWVGW,INPK-----TGQP,INPKTGQP,NNPRQFQ-GRVSLTRQA--------SWDFDTY---SFYMDLKAVRSDDTAIYFC,NNPRQFQGRVSLTRQASWDFDTYSFYMDLKAVRSDDTAIYFC,ARQRSD---------------------------FWDFDV,ARQRSDFWDFDV,WGSGTQVTVSS,WGSGTQVTVSS,,ASTKGPS
0,VRC26.14_KT371078_Homo_sapiens_anti-HIV-1_immunoglobulin_CAP256-VRC26.14_heavy_chain_variable_region_mRNA _partial_cds,QVQLMESGGGVVQPGRSLRLSCAASGFNFGGYGMHWVRQAPGKGLEWVAAISFVGLKNYYSNSVRGRFTISRDNSKNILYLQMESLRAEDTALYYCARDVREMECEEWASDYYDFGRGGPCRDFRGVVGILDIWGPGTMVSVSS,0,alpaca,H,0.0,162.2,0,143,human,IGHV3-30*03,0.84,IGHJ3*02,0.71,H,"[1, 2, 3, 4, 5, 6, 7, 8, 9, 10, 11, 12, 13, 14, 15, 16, 17, 18, 19, 20, 21, 22, 23, 24, 25, 26, 27, 28, 29, 30, 31, 32, 32, 32, 33, 33, 33, 33, 34, 35, 36, 37, 38, 39, 40, 41, 42, 43, 44, 45, 46, 47, 48, 49, 50, 51, 52, 53, 54, 55, 56, 57, 58, 59, 60, 60, 61, 61, 61, 62, 63, 64, 65, 66, 67, 68, 69, 70, 71, 72, 73, 74, 75, 76, 77, 78, 79, 80, 81, 82, 82, 82, 82, 82, 82, 82, 82, 82, 83, 84, 85, 85, 85, 85, 85, 85, 85, 85, 86, 87, 88, 89, 90, 91, 92, 93, 94, 95, 96, 97, 98, 99, 100, 101, 102, 103, 104, 105, 106, 107, 108, 109, 110, 111, 111, 111, 111, 111, 111, 111, 111, 111, 111, 111, 111, 111, 111, 112, 112, 112, 112, 112, 112, 112, 112, 112, 112, 112, 112, 112, 112, 113, 114, 115, 116, 117, 118, 119, 120, 121, 122, 123, 124, 125, 126, 127, 128]","['', '', '', '', '', '', '', '', '', '', '', '', '', '', '', '', '', '', '', '', '', '', '', '', '', '', '', '', '', '', '', '', 'A', 'B', 'C', 'B', 'A', '', '', '', '', '', '', '', '', '', '', '', '', '', '', '', '', '', '', '', '', '', '', '', '', '', '', '', '', 'A', 'B', 'A', '', '', '', '', '', '', '', '', '', '', '', '', '', '', '', '', '', '', '', '', '', '', 'A', 'B', 'C', 'D', 'E', 'F', 'G', 'H', '', '', '', 'A', 'B', 'C', 'D', 'E', 'F', 'G', '', '', '', '', '', '', '', '', '', '', '', '', '', '', '', '', '', '', '', '', '', '', '', '', '', '', 'A', 'B', 'C', 'D', 'E', 'F', 'G', 'H', 'I', 'J', 'K', 'L', 'M', 'M', 'L', 'K', 'J', 'I', 'H', 'G', 'F', 'E', 'D', 'C', 'B', 'A', '', '', '', '', '', '', '', '', '', '', '', '', '', '', '', '', '']","['Q', 'V', 'Q', 'L', 'M', 'E', 'S', 'G', 'G', '-', 'G', 'V', 'V', 'Q', 'P', 'G', 'R', 'S', 'L', 'R', 'L', 'S', 'C', 'A', 'A', 'S', 'G', 'F', 'N', 'F', '-', '-', '-', '-', '-', '-', '-', '-', '-', 'G', 'G', 'Y', 'G', 'M', 'H', 'W', 'V', 'R', 'Q', 'A', 'P', 'G', 'K', 'G', 'L', 'E', 'W', 'V', 'A', 'A', 'I', 'S', 'F', 'V', '-', '-', '-', '-', '-', 'G', 'L', 'K', 'N', 'Y', 'Y', 'S', 'N', 'S', 'V', 'R', '-', 'G', 'R', 'F', 'T', 'I', 'S', 'R', 'D', 'N', '-', '-', '-', '-', '-', '-', '-', '-', 'S', 'K', 'N', '-', '-', '-', '-', '-', '-', '-', 'I', 'L', 'Y', 'L', 'Q', 'M', 'E', 'S', 'L', 'R', 'A', 'E', 'D', 'T', 'A', 'L', 'Y', 'Y', 'C', 'A', 'R', 'D', 'V', 'R', 'E', 'M', 'E', 'C', 'E', 'E', 'W', 'A', 'S', 'D', 'Y', 'Y', 'D', 'F', '-', '-', 'G', 'R', 'G', 'G', 'P', 'C', 'R', 'D', 'F', 'R', 'G', 'V', 'V', 'G', 'I', 'L', 'D', 'I', 'W', 'G', 'P', 'G', 'T', 'M', 'V', 'S', 'V', 'S', 'S']",imgt,imgt,"human,mouse,rat,rabbit,rhesus,pig,alpaca,dog,cat","H,K,L,A,B,G,D",QVQLMESGG-GVVQPGRSLRLSCAAS,QVQLMESGGGVVQPGRSLRLSCAAS,GFNF---------GGYG,GFNFGGYG,MHWVRQAPGKGLEWVAA,MHWVRQAPGKGLEWVAA,ISFV-----GLKN,ISFVGLKN,YYSNSVR-GRFTISRDN--------SKN-------ILYLQMESLRAEDTALYYC,YYSNSVRGRFTISRDNSKNILYLQMESLRAEDTALYYC,ARDVREMECEEWASDYYDF--GRGGPCRDFRGVVGILDI,ARDVREMECEEWASDYYDFGRGGPCRDFRGVVGILDI,WGPGTMVSVSS,WGPGTMVSVSS,,
1,PGT125_JN201897_Synthetic_construct_isolate_PGT125_anti-HIV_immunoglobulin_heavy_chain_variable_region_gene _partial_cds,QSQLQESGPRLVEASETLSLTCNVSGESTGACTYFWGWVRQAPGKGLEWIGSLSHCQSFWGSGWTFHNPSLKSRLTISLDTPKNQVFLKLTSLTAADTATYYCARFDGEVLVYNHWPKPAWVDLWGRGIPVTVTVSS,0,rhesus,H,0.0,149.4,0,134,human,IGHV4-38-2*01,0.72,IGHJ2*01,0.64,H,"[1, 2, 3, 4, 5, 6, 7, 8, 9, 10, 11, 12, 13, 14, 15, 16, 17, 18, 19, 20, 21, 22, 23, 24, 25, 26, 27, 28, 29, 30, 31, 32, 32, 32, 33, 33, 33, 33, 34, 35, 36, 37, 38, 39, 40, 41, 42, 43, 44, 45, 46, 47, 48, 49, 50, 51, 52, 53, 54, 55, 56, 57, 58, 59, 60, 60, 61, 61, 61, 62, 63, 64, 65, 66, 67, 68, 69, 70, 71, 72, 73, 74, 75, 76, 77, 78, 79, 80, 81, 82, 82, 82, 82, 82, 82, 82, 82, 82, 83, 84, 85, 85, 85, 85, 85, 85, 85, 85, 86, 87, 88, 89, 90, 91, 92, 93, 94, 95, 96, 97, 98, 99, 100, 101, 102, 103, 104, 105, 106, 107, 108, 109, 110, 111, 111, 111, 111, 111, 111, 111, 111, 111, 111, 111, 111, 111, 111, 112, 112, 112, 112, 112, 112, 112, 112, 112, 112, 112, 112, 112, 112, 113, 114, 115, 116, 117, 118, 119, 120, 121, 122, 123, 124, 125, 126, 127, 128]","['', '', '', '', '', '', '', '', '', '', '', '', '', '', '', '', '', '', '', '', '', '', '', '', '', '', '', '', '', '', '', '', 'A', 'B', 'C', 'B', 'A', '', '', '', '', '', '', '', '', '', '', '', '', '', '', '', '', '', '', '', '', '', '', '', '', '', '', '', '', 'A', 'B', 'A', '', '', '', '', '', '', '', '', '', '', '', '', '', '', '', '', '', '', '', '', '', '', 'A', 'B', 'C', 'D', 'E', 'F', 'G', 'H', '', '', '', 'A', 'B', 'C', 'D', 'E', 'F', 'G', '', '', '', '', '', '', '', '', '', '', '', '', '', '', '', '', '', '', '', '', '', '', '', '', '', '', 'A', 'B', 'C', 'D', 'E', 'F', 'G', 'H', 'I', 'J', 'K', 'L', 'M', 'M', 'L', 'K', 'J', 'I', 'H', 'G', 'F', 'E', 'D', 'C', 'B', 'A', '', '', '', '', '', '', '', '', '', '', '', '', '', '', '', '', '']","['Q', 'S', 'Q', 'L', 'Q', 'E', 'S', 'G', 'P', '-', 'R', 'L', 'V', 'E', 'A', 'S', 'E', 'T', 'L', 'S', 'L', 'T', 'C', 'N', 'V', 'S', 'G', 'E', 'S', 'T', 'G', '-', '-', '-', '-', '-', '-', '-', 'A', 'C', 'T', 'Y', 'F', 'W', 'G', 'W', 'V', 'R', 'Q', 'A', 'P', 'G', 'K', 'G', 'L', 'E', 'W', 'I', 'G', 'S', 'L', 'S', 'H', 'C', 'Q', 'S', 'F', 'W', 'G', 'S', 'G', 'W', 'T', 'F', 'H', 'N', 'P', 'S', 'L', 'K', '-', 'S', 'R', 'L', 'T', 'I', 'S', 'L', 'D', 'T', '-', '-', '-', '-', '-', '-', '-', '-', 'P', 'K', 'N', '-', '-', '-', '-', '-', '-', '-', 'Q', 'V', 'F', 'L', 'K', 'L', 'T', 'S', 'L', 'T', 'A', 'A', 'D', 'T', 'A', 'T', 'Y', 'Y', 'C', 'A', 'R', 'F', 'D', 'G', 'E', 'V', 'L', 'V', 'Y', 'N', '-', '-', '-', '-', '-', '-', '-', '-', '-', '-', '-', '-', '-', '-', '-', '-', '-', '-', 'H', 'W', 'P', 'K', 'P', 'A', 'W', 'V', 'D', 'L', 'W', 'G', 'R', 'G', 'I', 'P', 'V', 'T', 'V', 'T', 'V']",imgt,imgt,"human,mouse,rat,rabbit,rhesus,pig,alpaca,dog,cat","H,K,L,A,B,G,D",QSQLQESGP-RLVEASETLSLTCNVS,QSQLQESGPRLVEASETLSLTCNVS,GESTG-------ACTYF,GESTGACTYF,WGWVRQAPGKGLEWIGS,WGWVRQAPGKGLEWIGS,LSHCQSFWGSGWT,LSHCQSFWGSGWT,FHNPSLK-SRLTISLDT--------PKN-------QVFLKLTSLTAADTATYYC,FHNPSLKSRLTISLDTPKNQVFLKLTSLTAADTATYYC,ARFDGEVLVYN------------------HWPKPAWVDL,ARFDGEVLVYNHWPKPAWVDL,WGRGIPVTVTV,WGRGIPVTVTV,,SS
2,DH270.IA4_KY354939_DH270.IA4_immunoglobulin_heavy_chain_variable_region_mRNA,QVQLVQSGAEVKKPGASVKVSCKASGYTFTDYYIHWVRQAPGQGLEWMGWINPNTGRTNYAQKFQGRVTMTRDTSISTAYMELSRLRSDDTAVYYCARGGWIGLYYDSSGYPNFDYWGQGTLVTVSS,0,human,H,0.0,186.2,0,126,human,IGHV1-2*02,0.96,IGHJ4*01,1.0,H,"[1, 2, 3, 4, 5, 6, 7, 8, 9, 10, 11, 12, 13, 14, 15, 16, 17, 18, 19, 20, 21, 22, 23, 24, 25, 26, 27, 28, 29, 30, 31, 32, 32, 32, 33, 33, 33, 33, 34, 35, 36, 37, 38, 39, 40, 41, 42, 43, 44, 45, 46, 47, 48, 49, 50, 51, 52, 53, 54, 55, 56, 57, 58, 59, 60, 60, 61, 61, 61, 62, 63, 64, 65, 66, 67, 68, 69, 70, 71, 72, 73, 74, 75, 76, 77, 78, 79, 80, 81, 82, 82, 82, 82, 82, 82, 82, 82, 82, 83, 84, 85, 85, 85, 85, 85, 85, 85, 85, 86, 87, 88, 89, 90, 91, 92, 93, 94, 95, 96, 97, 98, 99, 100, 101, 102, 103, 104, 105, 106, 107, 108, 109, 110, 111, 111, 111, 111, 111, 111, 111, 111, 111, 111, 111, 111, 111, 111, 112, 112, 112, 112, 112, 112, 112, 112, 112, 112, 112, 112, 112, 112, 113, 114, 115, 116, 117, 118, 119, 120, 121, 122, 123, 124, 125, 126, 127, 128]","['', '', '', '', '', '', '', '', '', '', '', '', '', '', '', '', '', '', '', '', '', '', '', '', '', '', '', '', '', '', '', '', 'A', 'B', 'C', 'B', 'A', '', '', '', '', '', '', '', '', '', '', '', '', '', '', '', '', '', '', '', '', '', '', '', '', '', '', '', '', 'A', 'B', 'A', '', '', '', '', '', '', '', '', '', '', '', '', '', '', '', '', '', '', '', '', '', '', 'A', 'B', 'C', 'D', 'E', 'F', 'G', 'H', '', '', '', 'A', 'B', 'C', 'D', 'E', 'F', 'G', '', '', '', '', '', '', '', '', '', '', '', '', '', '', '', '', '', '', '', '', '', '', '', '', '', '', 'A', 'B', 'C', 'D', 'E', 'F', 'G', 'H', 'I', 'J', 'K', 'L', 'M', 'M', 'L', 'K', 'J', 'I', 'H', 'G', 'F', 'E', 'D', 'C', 'B', 'A', '', '', '', '', '', '', '', '', '', '', '', '', '', '', '', '', '']","['Q', 'V', 'Q', 'L', 'V', 'Q', 'S', 'G', 'A', '-', 'E', 'V', 'K', 'K', 'P', 'G', 'A', 'S', 'V', 'K', 'V', 'S', 'C', 'K', 'A', 'S', 'G', 'Y', 'T', 'F', '-', '-', '-', '-', '-', '-', '-', '-', '-', 'T', 'D', 'Y', 'Y', 'I', 'H', 'W', 'V', 'R', 'Q', 'A', 'P', 'G', 'Q', 'G', 'L', 'E', 'W', 'M', 'G', 'W', 'I', 'N', 'P', 'N', '-', '-', '-', '-', '-', 'T', 'G', 'R', 'T', 'N', 'Y', 'A', 'Q', 'K', 'F', 'Q', '-', 'G', 'R', 'V', 'T', 'M', 'T', 'R', 'D', 'T', '-', '-', '-', '-', '-', '-', '-', '-', 'S', 'I', 'S', '-', '-', '-', '-', '-', '-', '-', 'T', 'A', 'Y', 'M', 'E', 'L', 'S', 'R', 'L', 'R', 'S', 'D', 'D', 'T', 'A', 'V', 'Y', 'Y', 'C', 'A', 'R', 'G', 'G', 'W', 'I', 'G', 'L', 'Y', 'Y', '-', '-', '-', '-', '-', '-', '-', '-', '-', '-', '-', '-', '-', '-', '-', '-', '-', '-', '-', 'D', 'S', 'S', 'G', 'Y', 'P', 'N', 'F', 'D', 'Y', 'W', 'G', 'Q', 'G', 'T', 'L', 'V', 'T', 'V', 'S', 'S']",imgt,imgt,"human,mouse,rat,rabbit,rhesus,pig,alpaca,dog,cat","H,K,L,A,B,G,D",QVQLVQSGA-EVKKPGASVKVSCKAS,QVQLVQSGAEVKKPGASVKVSCKAS,GYTF---------TDYY,GYTFTDYY,IHWVRQAPGQGLEWMGW,IHWVRQAPGQGLEWMGW,INPN-----TGRT,INPNTGRT,NYAQKFQ-GRVTMTRDT--------SIS-------TAYMELSRLRSDDTAVYYC,NYAQKFQGRVTMTRDTSISTAYMELSRLRSDDTAVYYC,ARGGWIGLYY-------------------DSSGYPNFDY,ARGGWIGLYYDSSGYPNFDY,WGQGTLVTVSS,WGQGTLVTVSS,,
3,CH03_JQ267525_Homo_sapiens_isolate_CH03_anti-HIV1_immunoglobulin_heavy_chain_variable_region_mRNA _partial_cds,EVQLVESGGGVVRPGGSLRLSCAASGFIFENYGLTWVRQVPGKGLHWVSGMNWNGGDTRYADSVRGRFSMSRDNSNNIAYLQMKNLRVDDTALYYCARGTDYTIDDQGIFYKGSGTFWYFDLWGRGTLVTVSS,0,alpaca,H,0.0,161.2,0,132,human,IGHV3-20*04,0.79,IGHJ2*01,1.0,H,"[1, 2, 3, 4, 5, 6, 7, 8, 9, 10, 11, 12, 13, 14, 15, 16, 17, 18, 19, 20, 21, 22, 23, 24, 25, 26, 27, 28, 29, 30, 31, 32, 32, 32, 33, 33, 33, 33, 34, 35, 36, 37, 38, 39, 40, 41, 42, 43, 44, 45, 46, 47, 48, 49, 50, 51, 52, 53, 54, 55, 56, 57, 58, 59, 60, 60, 61, 61, 61, 62, 63, 64, 65, 66, 67, 68, 69, 70, 71, 72, 73, 74, 75, 76, 77, 78, 79, 80, 81, 82, 82, 82, 82, 82, 82, 82, 82, 82, 83, 84, 85, 85, 85, 85, 85, 85, 85, 85, 86, 87, 88, 89, 90, 91, 92, 93, 94, 95, 96, 97, 98, 99, 100, 101, 102, 103, 104, 105, 106, 107, 108, 109, 110, 111, 111, 111, 111, 111, 111, 111, 111, 111, 111, 111, 111, 111, 111, 112, 112, 112, 112, 112, 112, 112, 112, 112, 112, 112, 112, 112, 112, 113, 114, 115, 116, 117, 118, 119, 120, 121, 122, 123, 124, 125, 126, 127, 128]","['', '', '', '', '', '', '', '', '', '', '', '', '', '', '', '', '', '', '', '', '', '', '', '', '', '', '', '', '', '', '', '', 'A', 'B', 'C', 'B', 'A', '', '', '', '', '', '', '', '', '', '', '', '', '', '', '', '', '', '', '', '', '', '', '', '', '', '', '', '', 'A', 'B', 'A', '', '', '', '', '', '', '', '', '', '', '', '', '', '', '', '', '', '', '', '', '', '', 'A', 'B', 'C', 'D', 'E', 'F', 'G', 'H', '', '', '', 'A', 'B', 'C', 'D', 'E', 'F', 'G', '', '', '', '', '', '', '', '', '', '', '', '', '', '', '', '', '', '', '', '', '', '', '', '', '', '', 'A', 'B', 'C', 'D', 'E', 'F', 'G', 'H', 'I', 'J', 'K', 'L', 'M', 'M', 'L', 'K', 'J', 'I', 'H', 'G', 'F', 'E', 'D', 'C', 'B', 'A', '', '', '', '', '', '', '', '', '', '', '', '', '', '', '', '', '']","['E', 'V', 'Q', 'L', 'V', 'E', 'S', 'G', 'G', '-', 'G', 'V', 'V', 'R', 'P', 'G', 'G', 'S', 'L', 'R', 'L', 'S', 'C', 'A', 'A', 'S', 'G', 'F', 'I', 'F', '-', '-', '-', '-', '-', '-', '-', '-', '-', 'E', 'N', 'Y', 'G', 'L', 'T', 'W', 'V', 'R', 'Q', 'V', 'P', 'G', 'K', 'G', 'L', 'H', 'W', 'V', 'S', 'G', 'M', 'N', 'W', 'N', '-', '-', '-', '-', '-', 'G', 'G', 'D', 'T', 'R', 'Y', 'A', 'D', 'S', 'V', 'R', '-', 'G', 'R', 'F', 'S', 'M', 'S', 'R', 'D', 'N', '-', '-', '-', '-', '-', '-', '-', '-', 'S', 'N', 'N', '-', '-', '-', '-', '-', '-', '-', 'I', 'A', 'Y', 'L', 'Q', 'M', 'K', 'N', 'L', 'R', 'V', 'D', 'D', 'T', 'A', 'L', 'Y', 'Y', 'C', 'A', 'R', 'G', 'T', 'D', 'Y', 'T', 'I', 'D', 'D', 'Q', 'G', 'I', '-', '-', '-', '-', '-', '-', '-', '-', '-', '-', '-', '-', '-', 'F', 'Y', 'K', 'G', 'S', 'G', 'T', 'F', 'W', 'Y', 'F', 'D', 'L', 'W', 'G', 'R', 'G', 'T', 'L', 'V', 'T', 'V', 'S', 'S']",imgt,imgt,"human,mouse,rat,rabbit,rhesus,pig,alpaca,dog,cat","H,K,L,A,B,G,D",EVQLVESGG-GVVRPGGSLRLSCAAS,EVQLVESGGGVVRPGGSLRLSCAAS,GFIF---------ENYG,GFIFENYG,LTWVRQVPGKGLHWVSG,LTWVRQVPGKGLHWVSG,MNWN-----GGDT,MNWNGGDT,RYADSVR-GRFSMSRDN--------SNN-------IAYLQMKNLRVDDTALYYC,RYADSVRGRFSMSRDNSNNIAYLQMKNLRVDDTALYYC,ARGTDYTIDDQGI-------------FYKGSGTFWYFDL,ARGTDYTIDDQGIFYKGSGTFWYFDL,WGRGTLVTVSS,WGRGTLVTVSS,,
4,VRC-CH31_JN159435_Homo_sapiens_isolate_VRC-CH31_anti-HIV-1_immunoglobulin_heavy_chain_variable_region_mRNA _partial_cds,QVQLVQSGAAVRKPGASVTVSCKFAEDDDYSPYWVNPAPEHFIHFLRQAPGQQLEWLAWMNPTNGAVNYAWYLNGRVTATRDRSMTTAFLEVKSLRSDDTAVYYCARAQKRGRSEWAYAHWGQGTPVVVSS,0,human,H,7.66e-40,125.3,0,130,human,IGHV1-18*01,0.64,IGHJ1*01,0.71,H,"[1, 2, 3, 4, 5, 6, 7, 8, 9, 10, 11, 12, 13, 14, 15, 16, 17, 18, 19, 20, 21, 22, 23, 24, 25, 26, 27, 28, 29, 30, 31, 32, 32, 32, 33, 33, 33, 33, 34, 35, 36, 37, 38, 39, 40, 41, 42, 43, 44, 45, 46, 47, 48, 49, 50, 51, 52, 53, 54, 55, 56, 57, 58, 59, 60, 60, 61, 61, 61, 62, 63, 64, 65, 66, 67, 68, 69, 70, 71, 72, 73, 74, 75, 76, 77, 78, 79, 80, 81, 82, 82, 82, 82, 82, 82, 82, 82, 82, 83, 84, 85, 85, 85, 85, 85, 85, 85, 85, 86, 87, 88, 89, 90, 91, 92, 93, 94, 95, 96, 97, 98, 99, 100, 101, 102, 103, 104, 105, 106, 107, 108, 109, 110, 111, 111, 111, 111, 111, 111, 111, 111, 111, 111, 111, 111, 111, 111, 112, 112, 112, 112, 112, 112, 112, 112, 112, 112, 112, 112, 112, 112, 113, 114, 115, 116, 117, 118, 119, 120, 121, 122, 123, 124, 125, 126, 127, 128]","['', '', '', '', '', '', '', '', '', '', '', '', '', '', '', '', '', '', '', '', '', '', '', '', '', '', '', '', '', '', '', '', 'A', 'B', 'C', 'B', 'A', '', '', '', '', '', '', '', '', '', '', '', '', '', '', '', '', '', '', '', '', '', '', '', '', '', '', '', '', 'A', 'B', 'A', '', '', '', '', '', '', '', '', '', '', '', '', '', '', '', '', '', '', '', '', '', '', 'A', 'B', 'C', 'D', 'E', 'F', 'G', 'H', '', '', '', 'A', 'B', 'C', 'D', 'E', 'F', 'G', '', '', '', '', '', '', '', '', '', '', '', '', '', '', '', '', '', '', '', '', '', '', '', '', '', '', 'A', 'B', 'C', 'D', 'E', 'F', 'G', 'H', 'I', 'J', 'K', 'L', 'M', 'M', 'L', 'K', 'J', 'I', 'H', 'G', 'F', 'E', 'D', 'C', 'B', 'A', '', '', '', '', '', '', '', '', '', '', '', '', '', '', '', '', '']","['Q', 'V', 'Q', 'L', 'V', 'Q', 'S', 'G', 'A', '-', 'A', 'V', 'R', 'K', 'P', 'G', 'A', 'S', 'V', 'T', 'V', 'S', 'C', 'K', 'F', 'A', 'E', 'D', 'D', 'D', 'Y', 'S', 'P', 'Y', 'W', 'V', 'N', 'P', 'A', 'P', 'E', 'H', 'F', 'I', 'H', 'F', 'L', 'R', 'Q', 'A', 'P', 'G', 'Q', 'Q', 'L', 'E', 'W', 'L', 'A', 'W', 'M', 'N', 'P', 'T', '-', '-', '-', '-', '-', 'N', 'G', 'A', 'V', 'N', 'Y', 'A', 'W', 'Y', 'L', 'N', '-', 'G', 'R', 'V', 'T', 'A', 'T', 'R', 'D', 'R', '-', '-', '-', '-', '-', '-', '-', '-', 'S', 'M', 'T', '-', '-', '-', '-', '-', '-', '-', 'T', 'A', 'F', 'L', 'E', 'V', 'K', 'S', 'L', 'R', 'S', 'D', 'D', 'T', 'A', 'V', 'Y', 'Y', 'C', 'A', 'R', 'A', 'Q', 'K', 'R', 'G', 'R', '-', '-', '-', '-', '-', '-', '-', '-', '-', '-', '-', '-', '-', '-', '-', '-', '-', '-', '-', '-', '-', '-', '-', '-', 'S', 'E', 'W', 'A', 'Y', 'A', 'H', 'W', 'G', 'Q', 'G', 'T', 'P', 'V', 'V', 'V', 'S', 'S']",imgt,imgt,"human,mouse,rat,rabbit,rhesus,pig,alpaca,dog,cat","H,K,L,A,B,G,D",QVQLVQSGA-AVRKPGASVTVSCKFA,QVQLVQSGAAVRKPGASVTVSCKFA,EDDDYSPYWVNPAPEHF,EDDDYSPYWVNPAPEHF,IHFLRQAPGQQLEWLAW,IHFLRQAPGQQLEWLAW,MNPT-----NGAV,MNPTNGAV,NYAWYLN-GRVTATRDR--------SMT-------TAFLEVKSLRSDDTAVYYC,NYAWYLNGRVTATRDRSMTTAFLEVKSLRSDDTAVYYC,ARAQKRGR------------------------SEWAYAH,ARAQKRGRSEWAYAH,WGQGTPVVVSS,WGQGTPVVVSS,,
5,PGT130_JN201901_Homo_sapiens_isolate_PGT130_anti-HIV_immunoglobulin_heavy_chain_variable_region_mRNA _partial_cds,QVQLQESGPGLVKPAETLSLTCSVSGESINTGHYYWGWVRQVPGKGLEWIGHIHYTTAVLHNPSLKSRLTIKIYTLRNQITLRLSNVTAADTAVYHCVRSGGDILYYYEWQKPHWFSPWGPGIHVTVSS,0,rhesus,H,0.0,151.8,0,128,human,IGHV4-59*01,0.71,IGHJ5*02,0.71,H,"[1, 2, 3, 4, 5, 6, 7, 8, 9, 10, 11, 12, 13, 14, 15, 16, 17, 18, 19, 20, 21, 22, 23, 24, 25, 26, 27, 28, 29, 30, 31, 32, 32, 32, 33, 33, 33, 33, 34, 35, 36, 37, 38, 39, 40, 41, 42, 43, 44, 45, 46, 47, 48, 49, 50, 51, 52, 53, 54, 55, 56, 57, 58, 59, 60, 60, 61, 61, 61, 62, 63, 64, 65, 66, 67, 68, 69, 70, 71, 72, 73, 74, 75, 76, 77, 78, 79, 80, 81, 82, 82, 82, 82, 82, 82, 82, 82, 82, 83, 84, 85, 85, 85, 85, 85, 85, 85, 85, 86, 87, 88, 89, 90, 91, 92, 93, 94, 95, 96, 97, 98, 99, 100, 101, 102, 103, 104, 105, 106, 107, 108, 109, 110, 111, 111, 111, 111, 111, 111, 111, 111, 111, 111, 111, 111, 111, 111, 112, 112, 112, 112, 112, 112, 112, 112, 112, 112, 112, 112, 112, 112, 113, 114, 115, 116, 117, 118, 119, 120, 121, 122, 123, 124, 125, 126, 127, 128]","['', '', '', '', '', '', '', '', '', '', '', '', '', '', '', '', '', '', '', '', '', '', '', '', '', '', '', '', '', '', '', '', 'A', 'B', 'C', 'B', 'A', '', '', '', '', '', '', '', '', '', '', '', '', '', '', '', '', '', '', '', '', '', '', '', '', '', '', '', '', 'A', 'B', 'A', '', '', '', '', '', '', '', '', '', '', '', '', '', '', '', '', '', '', '', '', '', '', 'A', 'B', 'C', 'D', 'E', 'F', 'G', 'H', '', '', '', 'A', 'B', 'C', 'D', 'E', 'F', 'G', '', '', '', '', '', '', '', '', '', '', '', '', '', '', '', '', '', '', '', '', '', '', '', '', '', '', 'A', 'B', 'C', 'D', 'E', 'F', 'G', 'H', 'I', 'J', 'K', 'L', 'M', 'M', 'L', 'K', 'J', 'I', 'H', 'G', 'F', 'E', 'D', 'C', 'B', 'A', '', '', '', '', '', '', '', '', '', '', '', '', '', '', '', '', '']","['Q', 'V', 'Q', 'L', 'Q', 'E', 'S', 'G', 'P', '-', 'G', 'L', 'V', 'K', 'P', 'A', 'E', 'T', 'L', 'S', 'L', 'T', 'C', 'S', 'V', 'S', 'G', 'E', 'S', 'I', 'N', '-', '-', '-', '-', '-', '-', '-', 'T', 'G', 'H', 'Y', 'Y', 'W', 'G', 'W', 'V', 'R', 'Q', 'V', 'P', 'G', 'K', 'G', 'L', 'E', 'W', 'I', 'G', 'H', 'I', 'H', 'Y', 'T', '-', '-', '-', '-', '-', '-', 'T', 'A', 'V', 'L', 'H', 'N', 'P', 'S', 'L', 'K', '-', 'S', 'R', 'L', 'T', 'I', 'K', 'I', 'Y', 'T', '-', '-', '-', '-', '-', '-', '-', '-', 'L', 'R', 'N', '-', '-', '-', '-', '-', '-', '-', 'Q', 'I', 'T', 'L', 'R', 'L', 'S', 'N', 'V', 'T', 'A', 'A', 'D', 'T', 'A', 'V', 'Y', 'H', 'C', 'V', 'R', 'S', 'G', 'G', 'D', 'I', 'L', 'Y', 'Y', 'Y', '-', '-', '-', '-', '-', '-', '-', '-', '-', '-', '-', '-', '-', '-', '-', '-', '-', '-', 'E', 'W', 'Q', 'K', 'P', 'H', 'W', 'F', 'S', 'P', 'W', 'G', 'P', 'G', 'I', 'H', 'V', 'T', 'V', 'S', 'S']",imgt,imgt,"human,mouse,rat,rabbit,rhesus,pig,alpaca,dog,cat","H,K,L,A,B,G,D",QVQLQESGP-GLVKPAETLSLTCSVS,QVQLQESGPGLVKPAETLSLTCSVS,GESIN-------TGHYY,GESINTGHYY,WGWVRQVPGKGLEWIGH,WGWVRQVPGKGLEWIGH,IHYT------TAV,IHYTTAV,LHNPSLK-SRLTIKIYT--------LRN-------QITLRLSNVTAADTAVYHC,LHNPSLKSRLTIKIYTLRNQITLRLSNVTAADTAVYHC,VRSGGDILYYY------------------EWQKPHWFSP,VRSGGDILYYYEWQKPHWFSP,WGPGIHVTVSS,WGPGIHVTVSS,,
6,1393A_KP278509_Homo_sapiens_clone_1393A_VH_anti-HIV-1_V2_immunoglobulin_heavy_chain_mRNA _partial_cds,QVQLVQSGAEVKKPGSSVKVSCKASGGTFSNYAISWVRQAPGQGLEWMGGIIPIFGTTDYAQKFQGRVTITADASTSTAYMELSSLRSDDTAVYYCARSRGHYFDTRVFEGWGQGTLVTVSS,0,human,H,0.0,179.8,0,121,human,IGHV1-69*01,0.95,IGHJ5*01,0.86,H,"[1, 2, 3, 4, 5, 6, 7, 8, 9, 10, 11, 12, 13, 14, 15, 16, 17, 18, 19, 20, 21, 22, 23, 24, 25, 26, 27, 28, 29, 30, 31, 32, 32, 32, 33, 33, 33, 33, 34, 35, 36, 37, 38, 39, 40, 41, 42, 43, 44, 45, 46, 47, 48, 49, 50, 51, 52, 53, 54, 55, 56, 57, 58, 59, 60, 60, 61, 61, 61, 62, 63, 64, 65, 66, 67, 68, 69, 70, 71, 72, 73, 74, 75, 76, 77, 78, 79, 80, 81, 82, 82, 82, 82, 82, 82, 82, 82, 82, 83, 84, 85, 85, 85, 85, 85, 85, 85, 85, 86, 87, 88, 89, 90, 91, 92, 93, 94, 95, 96, 97, 98, 99, 100, 101, 102, 103, 104, 105, 106, 107, 108, 109, 110, 111, 111, 111, 111, 111, 111, 111, 111, 111, 111, 111, 111, 111, 111, 112, 112, 112, 112, 112, 112, 112, 112, 112, 112, 112, 112, 112, 112, 113, 114, 115, 116, 117, 118, 119, 120, 121, 122, 123, 124, 125, 126, 127, 128]","['', '', '', '', '', '', '', '', '', '', '', '', '', '', '', '', '', '', '', '', '', '', '', '', '', '', '', '', '', '', '', '', 'A', 'B', 'C', 'B', 'A', '', '', '', '', '', '', '', '', '', '', '', '', '', '', '', '', '', '', '', '', '', '', '', '', '', '', '', '', 'A', 'B', 'A', '', '', '', '', '', '', '', '', '', '', '', '', '', '', '', '', '', '', '', '', '', '', 'A', 'B', 'C', 'D', 'E', 'F', 'G', 'H', '', '', '', 'A', 'B', 'C', 'D', 'E', 'F', 'G', '', '', '', '', '', '', '', '', '', '', '', '', '', '', '', '', '', '', '', '', '', '', '', '', '', '', 'A', 'B', 'C', 'D', 'E', 'F', 'G', 'H', 'I', 'J', 'K', 'L', 'M', 'M', 'L', 'K', 'J', 'I', 'H', 'G', 'F', 'E', 'D', 'C', 'B', 'A', '', '', '', '', '', '', '', '', '', '', '', '', '', '', '', '', '']","['Q', 'V', 'Q', 'L', 'V', 'Q', 'S', 'G', 'A', '-', 'E', 'V', 'K', 'K', 'P', 'G', 'S', 'S', 'V', 'K', 'V', 'S', 'C', 'K', 'A', 'S', 'G', 'G', 'T', 'F', '-', '-', '-', '-', '-', '-', '-', '-', '-', 'S', 'N', 'Y', 'A', 'I', 'S', 'W', 'V', 'R', 'Q', 'A', 'P', 'G', 'Q', 'G', 'L', 'E', 'W', 'M', 'G', 'G', 'I', 'I', 'P', 'I', '-', '-', '-', '-', '-', 'F', 'G', 'T', 'T', 'D', 'Y', 'A', 'Q', 'K', 'F', 'Q', '-', 'G', 'R', 'V', 'T', 'I', 'T', 'A', 'D', 'A', '-', '-', '-', '-', '-', '-', '-', '-', 'S', 'T', 'S', '-', '-', '-', '-', '-', '-', '-', 'T', 'A', 'Y', 'M', 'E', 'L', 'S', 'S', 'L', 'R', 'S', 'D', 'D', 'T', 'A', 'V', 'Y', 'Y', 'C', 'A', 'R', 'S', 'R', 'G', 'H', 'Y', 'F', '-', '-', '-', '-', '-', '-', '-', '-', '-', '-', '-', '-', '-', '-', '-', '-', '-', '-', '-', '-', '-', '-', '-', '-', 'D', 'T', 'R', 'V', 'F', 'E', 'G', 'W', 'G', 'Q', 'G', 'T', 'L', 'V', 'T', 'V', 'S', 'S']",imgt,imgt,"human,mouse,rat,rabbit,rhesus,pig,alpaca,dog,cat","H,K,L,A,B,G,D",QVQLVQSGA-EVKKPGSSVKVSCKAS,QVQLVQSGAEVKKPGSSVKVSCKAS,GGTF---------SNYA,GGTFSNYA,ISWVRQAPGQGLEWMGG,ISWVRQAPGQGLEWMGG,IIPI-----FGTT,IIPIFGTT,DYAQKFQ-GRVTITADA--------STS-------TAYMELSSLRSDDTAVYYC,DYAQKFQGRVTITADASTSTAYMELSSLRSDDTAVYYC,ARSRGHYF------------------------DTRVFEG,ARSRGHYFDTRVFEG,WGQGTLVTVSS,WGQGTLVTVSS,,
7,PGT144_JN201909_Homo_sapiens_isolate_PGT144_anti-HIV_immunoglobulin_heavy_chain_variable_region_mRNA _partial_cds,QVQLVQSGAEVKKPGSSVKVSCKASGNTFRKYDVHWVRQATGQGLEWVGWMSHEGDKTESAQRFKGRVSFTRDNSASTAYIELRGLTSDDTAIYYCTGGSKHRLRDYVLYDDYGLINQQEWNDYLEFLDVWGHGTAVTVSS,0,human,H,2.07e-41,130.4,0,140,human,IGHV1-2*02,0.69,IGHJ3*01,0.71,H,"[1, 2, 3, 4, 5, 6, 7, 8, 9, 10, 11, 12, 13, 14, 15, 16, 17, 18, 19, 20, 21, 22, 23, 24, 25, 26, 27, 28, 29, 30, 31, 32, 32, 32, 33, 33, 33, 33, 34, 35, 36, 37, 38, 39, 40, 41, 42, 43, 44, 45, 46, 47, 48, 49, 50, 51, 52, 53, 54, 55, 56, 57, 58, 59, 60, 60, 61, 61, 61, 62, 63, 64, 65, 66, 67, 68, 69, 70, 71, 72, 73, 74, 75, 76, 77, 78, 79, 80, 81, 82, 82, 82, 82, 82, 82, 82, 82, 82, 83, 84, 85, 85, 85, 85, 85, 85, 85, 85, 86, 87, 88, 89, 90, 91, 92, 93, 94, 95, 96, 97, 98, 99, 100, 101, 102, 103, 104, 105, 106, 107, 108, 109, 110, 111, 111, 111, 111, 111, 111, 111, 111, 111, 111, 111, 111, 111, 111, 112, 112, 112, 112, 112, 112, 112, 112, 112, 112, 112, 112, 112, 112, 113, 114, 115, 116, 117, 118, 119, 120, 121, 122, 123, 124, 125, 126, 127, 128]","['', '', '', '', '', '', '', '', '', '', '', '', '', '', '', '', '', '', '', '', '', '', '', '', '', '', '', '', '', '', '', '', 'A', 'B', 'C', 'B', 'A', '', '', '', '', '', '', '', '', '', '', '', '', '', '', '', '', '', '', '', '', '', '', '', '', '', '', '', '', 'A', 'B', 'A', '', '', '', '', '', '', '', '', '', '', '', '', '', '', '', '', '', '', '', '', '', '', 'A', 'B', 'C', 'D', 'E', 'F', 'G', 'H', '', '', '', 'A', 'B', 'C', 'D', 'E', 'F', 'G', '', '', '', '', '', '', '', '', '', '', '', '', '', '', '', '', '', '', '', '', '', '', '', '', '', '', 'A', 'B', 'C', 'D', 'E', 'F', 'G', 'H', 'I', 'J', 'K', 'L', 'M', 'M', 'L', 'K', 'J', 'I', 'H', 'G', 'F', 'E', 'D', 'C', 'B', 'A', '', '', '', '', '', '', '', '', '', '', '', '', '', '', '', '', '']","['Q', 'V', 'Q', 'L', 'V', 'Q', 'S', 'G', 'A', '-', 'E', 'V', 'K', 'K', 'P', 'G', 'S', 'S', 'V', 'K', 'V', 'S', 'C', 'K', 'A', 'S', 'G', 'N', 'T', 'F', '-', '-', '-', '-', '-', '-', '-', '-', '-', 'R', 'K', 'Y', 'D', 'V', 'H', 'W', 'V', 'R', 'Q', 'A', 'T', 'G', 'Q', 'G', 'L', 'E', 'W', 'V', 'G', 'W', 'M', 'S', 'H', 'E', '-', '-', '-', '-', '-', 'G', 'D', 'K', 'T', 'E', 'S', 'A', 'Q', 'R', 'F', 'K', '-', 'G', 'R', 'V', 'S', 'F', 'T', 'R', 'D', 'N', '-', '-', '-', '-', '-', '-', '-', '-', 'S', 'A', 'S', '-', '-', '-', '-', '-', '-', '-', 'T', 'A', 'Y', 'I', 'E', 'L', 'R', 'G', 'L', 'T', 'S', 'D', 'D', 'T', 'A', 'I', 'Y', 'Y', 'C', 'T', 'G', 'G', 'S', 'K', 'H', 'R', 'L', 'R', 'D', 'Y', 'V', 'L', 'Y', 'D', 'D', 'Y', '-', '-', '-', '-', '-', 'G', 'L', 'I', 'N', 'Q', 'Q', 'E', 'W', 'N', 'D', 'Y', 'L', 'E', 'F', 'L', 'D', 'V', 'W', 'G', 'H', 'G', 'T', 'A', 'V', 'T', 'V', 'S', 'S']",imgt,imgt,"human,mouse,rat,rabbit,rhesus,pig,alpaca,dog,cat","H,K,L,A,B,G,D",QVQLVQSGA-EVKKPGSSVKVSCKAS,QVQLVQSGAEVKKPGSSVKVSCKAS,GNTF---------RKYD,GNTFRKYD,VHWVRQATGQGLEWVGW,VHWVRQATGQGLEWVGW,MSHE-----GDKT,MSHEGDKT,ESAQRFK-GRVSFTRDN--------SAS-------TAYIELRGLTSDDTAIYYC,ESAQRFKGRVSFTRDNSASTAYIELRGLTSDDTAIYYC,TGGSKHRLRDYVLYDDY-----GLINQQEWNDYLEFLDV,TGGSKHRLRDYVLYDDYGLINQQEWNDYLEFLDV,WGHGTAVTVSS,WGHGTAVTVSS,,
